<xml xmlns="http://www.w3.org/1999/xhtml">
  <toolboxcategories>CAT_LOGIC,CAT_LOOPS,CAT_MATH,CAT_VARIABLES,CAT_FUNCTIONS,CAT_ARDUINO,CAT_LCD_SCREEN,CAT_BLUETOOTH_MISC,CAT_MATRIX_LED_RGB,CAT_RFID,CAT_MBOT_1,CAT_MBOT_2,CAT_MBOT_3,CAT_MBOT_4</toolboxcategories>
  <toolbox>toolbox_arduino_all</toolbox>
  <block type="base_setup_loop" id="r14Bwi2jNpogBA:uN=b#" x="88" y="38">
    <statement name="DO">
      <block type="variables_set" id="CGhuS?%`IsiNwVD4C9$3">
        <field name="VAR">switchState</field>
        <value name="VALUE">
          <block type="math_number" id="*XW*=8bP9}|IVr~duOSF">
            <field name="NUM">0</field>
          </block>
        </value>
      </block>
    </statement>
    <statement name="LOOP">
      <block type="variables_set" id="dr^MD+teb=r^@({T%P%_">
        <field name="VAR">switchState</field>
        <value name="VALUE">
          <block type="inout_digital_read_validator" id="jqZ+2BD^DG8hpmw5q[_h">
            <field name="PIN">2</field>
          </block>
        </value>
        <next>
          <block type="controls_if" id="HE-#*%/JI?:-6_J#Jmv$">
            <mutation else="1"></mutation>
            <value name="IF0">
              <block type="logic_compare" id="`cC#[`|E)wY/|D2YW.*%">
                <field name="OP">EQ</field>
                <value name="A">
                  <block type="variables_get" id="U,YlN2_[qaT(Fsf.O1EX">
                    <field name="VAR">switchState</field>
                  </block>
                </value>
                <value name="B">
                  <block type="inout_onoff" id=",w;QMOV!*5n:G%tdFdg]">
                    <field name="BOOL">LOW</field>
                  </block>
                </value>
              </block>
            </value>
            <statement name="DO0">
              <block type="inout_digital_write_validator" id="xT(wiPQ#ho]Ru*78@;vw">
                <field name="PIN">3</field>
                <field name="STAT">HIGH</field>
                <next>
                  <block type="inout_digital_write_validator" id="O-ztLM+p8Whr9_+@kfp)">
                    <field name="PIN">4</field>
                    <field name="STAT">LOW</field>
                    <next>
                      <block type="inout_digital_write_validator" id="P(Y72n42]1]Rn.G#8UK(">
                        <field name="PIN">5</field>
                        <field name="STAT">LOW</field>
                      </block>
                    </next>
                  </block>
                </next>
              </block>
            </statement>
            <statement name="ELSE">
              <block type="inout_digital_write_validator" id="w@SfFgw}g86{+~YIeuJ+">
                <field name="PIN">3</field>
                <field name="STAT">LOW</field>
                <next>
                  <block type="inout_digital_write_validator" id="#v!#K(bW(b|C3|qE7IH{">
                    <field name="PIN">4</field>
                    <field name="STAT">LOW</field>
                    <next>
                      <block type="inout_digital_write_validator" id="E`^dt1?bIPjf4xTE-ove">
                        <field name="PIN">5</field>
                        <field name="STAT">HIGH</field>
                        <next>
                          <block type="base_delay" id="S/rwCNFkF@c`*!)@?B_]">
                            <value name="DELAY_TIME">
                              <shadow type="math_number" id="kdy!!qGhf%RhmEohtFBk">
                                <field name="NUM">250</field>
                              </shadow>
                            </value>
                            <next>
                              <block type="inout_digital_write_validator" id="dzrW)]q4-vH?Qe2|lL(p">
                                <field name="PIN">4</field>
                                <field name="STAT">HIGH</field>
                                <next>
                                  <block type="inout_digital_write_validator" id="IgINRHYaTkze(+h^,Uqk">
                                    <field name="PIN">5</field>
                                    <field name="STAT">LOW</field>
                                    <next>
                                      <block type="base_delay" id="]_h6~{;1=vxDE0$5[7H.">
                                        <value name="DELAY_TIME">
                                          <shadow type="math_number" id="0sPg^RSlU3#T$)07,)R2">
                                            <field name="NUM">250</field>
                                          </shadow>
                                        </value>
                                      </block>
                                    </next>
                                  </block>
                                </next>
                              </block>
                            </next>
                          </block>
                        </next>
                      </block>
                    </next>
                  </block>
                </next>
              </block>
            </statement>
          </block>
        </next>
      </block>
    </statement>
  </block>
</xml>