<xml xmlns="http://www.w3.org/1999/xhtml">
  <block type="controls_if" id="QCb8fVxG8O`k6Mi1kBRR" x="38" y="88">
    <mutation else="1"></mutation>
    <value name="IF0">
      <block type="logic_compare" id="*e(k;=,yoeo,q,7s^=U+">
        <field name="OP">LT</field>
        <value name="A">
          <block type="mhk_ultrason" id="R6NuIVar=0m+M=AL6_`S">
            <value name="TRIGER">
              <shadow type="math_number" id="mVVeBjg?|s3qR,H}i}}a">
                <field name="NUM">5</field>
              </shadow>
            </value>
            <value name="DIST">
              <shadow type="math_number" id="*#I!(nx%!ITq1-;LHF|o">
                <field name="NUM">4</field>
              </shadow>
            </value>
          </block>
        </value>
        <value name="B">
          <block type="math_number" id="n4odj*E#|}+.WzTVB@f]">
            <field name="NUM">10</field>
          </block>
        </value>
      </block>
    </value>
    <statement name="DO0">
      <block type="mhk_moteur_vibreur" id="Zws7u^U+R0i3uO@yC1pA">
        <field name="PIN">10</field>
        <value name="NUM">
          <shadow type="math_number" id="D!%z7uFg:f,|u{Ig]ZSC">
            <field name="NUM">150</field>
          </shadow>
        </value>
      </block>
    </statement>
    <statement name="ELSE">
      <block type="mhk_moteur_vibreur" id="#U(B3g5r0J%!piEs?=`M">
        <field name="PIN">10</field>
        <value name="NUM">
          <shadow type="math_number" id="T[?jbyf+^+yQ+RBR7Fk{">
            <field name="NUM">0</field>
          </shadow>
        </value>
      </block>
    </statement>
    <next>
      <block type="controls_if" id="2kSI%yG6o`tp?h5?^F9v">
        <mutation else="1"></mutation>
        <value name="IF0">
          <block type="logic_compare" id="`j~r{KGYIXsv)#8{6gp8">
            <field name="OP">LT</field>
            <value name="A">
              <block type="mhk_ultrason" id="zeu_j#xpnx)Sa_w80ikP">
                <value name="TRIGER">
                  <shadow type="math_number" id=")HOgm.Fy`-oKd(-}tP;l">
                    <field name="NUM">3</field>
                  </shadow>
                </value>
                <value name="DIST">
                  <shadow type="math_number" id="X~NlmOha!@J9hM1Ab^pS">
                    <field name="NUM">2</field>
                  </shadow>
                </value>
              </block>
            </value>
            <value name="B">
              <block type="math_number" id="4;jwI7ENMjG4H|KVa=|c">
                <field name="NUM">10</field>
              </block>
            </value>
          </block>
        </value>
        <statement name="DO0">
          <block type="mhk_moteur_vibreur" id="cdE-!vO4;Gxz)_`zzabS">
            <field name="PIN">11</field>
            <value name="NUM">
              <shadow type="math_number" id="`*Kbq:YoWFtZFBjZ#*xO">
                <field name="NUM">150</field>
              </shadow>
            </value>
          </block>
        </statement>
        <statement name="ELSE">
          <block type="mhk_moteur_vibreur" id="pxd@2Kkicuv;Dh37!qI0">
            <field name="PIN">11</field>
            <value name="NUM">
              <shadow type="math_number" id="MDyeXtIt}De8YvGRdONb">
                <field name="NUM">0</field>
              </shadow>
            </value>
          </block>
        </statement>
      </block>
    </next>
  </block>
</xml>