<xml xmlns="http://www.w3.org/1999/xhtml">
  <block type="controls_if" id="QCb8fVxG8O`k6Mi1kBRR" x="38" y="88">
    <mutation else="1"></mutation>
    <value name="IF0">
      <block type="logic_compare" id="*e(k;=,yoeo,q,7s^=U+">
        <field name="OP">LT</field>
        <value name="A">
          <block type="mhk_ultrason" id="R6NuIVar=0m+M=AL6_`S">
            <value name="TRIGER">
              <shadow type="math_number" id="mVVeBjg?|s3qR,H}i}}a">
                <field name="NUM">5</field>
              </shadow>
            </value>
            <value name="DIST">
              <shadow type="math_number" id="*#I!(nx%!ITq1-;LHF|o">
                <field name="NUM">4</field>
              </shadow>
            </value>
          </block>
        </value>
        <value name="B">
          <block type="math_number" id="n4odj*E#|}+.WzTVB@f]">
            <field name="NUM">10</field>
          </block>
        </value>
      </block>
    </value>
    <statement name="DO0">
      <block type="mhk_moteur_vibreur" id="Zws7u^U+R0i3uO@yC1pA">
        <field name="PIN">10</field>
        <value name="NUM">
          <shadow type="math_number" id="D!%z7uFg:f,|u{Ig]ZSC">
            <field name="NUM">150</field>
          </shadow>
        </value>
      </block>
    </statement>
    <statement name="ELSE">
      <block type="mhk_moteur_vibreur" id="#U(B3g5r0J%!piEs?=`M">
        <field name="PIN">10</field>
        <value name="NUM">
          <shadow type="math_number" id="T[?jbyf+^+yQ+RBR7Fk{">
            <field name="NUM">0</field>
          </shadow>
        </value>
      </block>
    </statement>
  </block>
</xml>