<?xml version="1.0" encoding="utf-8" ?>
<toolbox>
	<parametre id="defaultCategories">CAT_LOGIC,CAT_LOOPS,CAT_VARIABLES,CAT_FUNCTIONS,CAT_MATH, CAT_PEGUINO
	</parametre>
	<category name="CAT_LOGIC" colour="#FFAB19">
		<block type="controls_if"></block>
		<block type="controls_switch"></block>
		<block type="logic_compare"></block>
		<block type="logic_operation"></block>
		<block type="logic_negate"></block>
		<block type="logic_boolean"></block>
		<block type="logic_null"></block>
	</category>
	<category name="CAT_LOOPS" colour="#FFD500">
		<block type="controls_repeat"></block>
		<block type="controls_repeat_ext">
			<value name="TIMES">
				<shadow type="math_number">
					<field name="NUM">10</field>
				</shadow>
			</value>
		</block>
		<block type="controls_whileUntil"></block>
		<block type="controls_for">
			<field name="VAR">i</field>
			<value name="FROM">
				<shadow type="math_number">
					<field name="NUM">1</field>
				</shadow>
			</value>
			<value name="TO">
				<shadow type="math_number">
					<field name="NUM">10</field>
				</shadow>
			</value>
			<value name="BY">
				<shadow type="math_number">
					<field name="NUM">1</field>
				</shadow>
			</value>
		</block>
		<block type="controls_flow_statements"></block>
	</category>
	<category name="CAT_MATH" colour="#40BF4A">
		<block type="math_number"></block>
		<block type="inout_angle_maths"></block>
		<block type="math_arithmetic"></block>
		<block type="math_single"></block>
		<block type="math_trig"></block>
		<block type="math_constant"></block>
		<block type="math_number_property"></block>
		<block type="math_change">
			<value name="DELTA">
				<shadow type="math_number">
					<field name="NUM">1</field>
				</shadow>
			</value>
		</block>
		<block type="math_round"></block>
		<block type="math_on_list"></block>
		<block type="math_modulo"></block>
		<block type="math_constrain">
			<value name="LOW">
				<shadow type="math_number">
					<field name="NUM">1</field>
				</shadow>
			</value>
			<value name="HIGH">
				<shadow type="math_number">
					<field name="NUM">100</field>
				</shadow>
			</value>
		</block>
		<block type="math_random_int">
			<value name="FROM">
				<shadow type="math_number">
					<field name="NUM">1</field>
				</shadow>
			</value>
			<value name="TO">
				<shadow type="math_number">
					<field name="NUM">100</field>
				</shadow>
			</value>
		</block>
		<block type="math_random_float"></block>
	</category>
	<category name="CAT_ARRAY" colour="#4CBFE6">
		<block type="array_create_with"></block>
		<block type="array_getIndex">
			<value name="AT">
				<block type="math_number">
					<field name="NUM">1</field>
				</block>
			</value>
		</block>
	</category>
	<category name="CAT_TEXT" colour="#9966FF">
		<block type="text"></block>
		<block type="text_char"></block>
		<block type="text_join"></block>
		<block type="text_append">
			<value name="TEXT">
				<shadow type="text"></shadow>
			</value>
		</block>
		<block type="text_length"></block>
		<block type="text_isEmpty"></block>
	</category>
	<category name="CAT_VARIABLES" custom="VARIABLE" colour="#FF8C1A"></category>
	<category name="CAT_FUNCTIONS" custom="PROCEDURE" colour="#FF6680"></category>
	<sep></sep>

	<category name="CAT_PEGUINO" colour="#32b2fc">
		<category name="CAT_PEGUINO_IN" colour="#32b2fc">
			<block type="peguino_sensors_pir_motion_sensor"></block>
			<block type="peguino_sensors_dht_read_UnoNano"></block>
			<!-- block type="peguino_sensors_EMETTEUR_IR"></block>
			<block type="peguino_sensors_RECEPTEUR_IR"></block -->
			<block type="peguino_sensors_ldr"></block>
			<block type="peguino_sensors_rotary_angle"></block>
			<block type="peguino_sensors_microprox"></block>
			<block type="peguino_sensors_ultrasonic_ranger"></block>
			<block type="peguino_sensors_button"></block>
		</category>
		<category name="CAT_PEGUINO_OUT" colour="#32b2fc">
			<block type="peguino_actuators_buzzer"></block>
			<block type="peguino_actuators_buzzer2"></block>
			<block type="peguino_actuators_led"></block>
			<block type="peguino_actuators_rgbled"></block>
			<block type="peguino_actuators_servo_attach"></block>
			<block type="peguino_actuators_servo_move"></block>
			<block type="peguino_actuators_servo_read_degrees"></block>
			<block type="peguino_actuators_servo_attached"></block>
			<block type="peguino_actuators_servo_detach"></block>
			<block type="peguino_actuators_servo_rot_continue"></block>
			<block type="peguino_actuators_servo_rot_continue_param"></block>
			<block type="peguino_actuators_i2c_scan"></block>
			<block type="peguino_actuators_u8g_draw_string"></block>
			<block type="peguino_actuators_u8g_draw_4strings"></block>
			<block type="peguino_actuators_u8g_print"></block>
			<block type="peguino_actuators_u8g_4draw_print"></block>
			<block type="peguino_actuators_i2c_lcdinit"></block>
			<block type="peguino_actuators_i2c_lcdwrite"></block>
			<block type="peguino_actuators_i2c_lcdclear"></block>
		</category>
		<sep></sep>
	</category>
</toolbox>
