<?xml version="1.0" encoding="utf-8" ?>
<toolbox>
	<parametre id="defaultCategories">CAT_LOGIC,CAT_LOOPS,CAT_VARIABLES,CAT_FUNCTIONS,CAT_MATH,CAT_ARDUINO,CAT_ROBOBOX</parametre>
	<category name="CAT_LOGIC" colour="#FFAB19">
		<block type="controls_if"></block>
		<block type="controls_switch"></block>
		<block type="logic_compare"></block>
		<block type="logic_operation"></block>
		<block type="logic_negate"></block>
		<block type="logic_boolean"></block>
		<block type="logic_null"></block>
	</category>
	<category name="CAT_LOOPS" colour="#FFD500">
		<block type="controls_repeat"></block>
		<block type="controls_repeat_ext">
			<value name="TIMES">
				<shadow type="math_number">
					<field name="NUM">10</field>
				</shadow>
			</value>
		</block>
		<block type="controls_whileUntil"></block>
		<block type="controls_for">
			<field name="VAR">i</field>
			<value name="FROM">
				<shadow type="math_number">
					<field name="NUM">1</field>
				</shadow>
			</value>
			<value name="TO">
				<shadow type="math_number">
					<field name="NUM">10</field>
				</shadow>
			</value>
			<value name="BY">
				<shadow type="math_number">
					<field name="NUM">1</field>
				</shadow>
			</value>
		</block>
		<block type="controls_flow_statements"></block>
	</category>
	<category name="CAT_MATH" colour="#40BF4A">
		<block type="math_number"></block>
		<block type="inout_angle_maths"></block>
		<block type="math_arithmetic"></block>
		<block type="math_interval"></block>
		<block type="math_single"></block>
		<block type="math_trig"></block>
		<block type="math_constant"></block>
		<block type="math_number_property"></block>
		<block type="math_round"></block>
		<block type="math_on_list"></block>
		<block type="math_modulo"></block>
		<block type="math_constrain">
			<value name="LOW">
				<shadow type="math_number">
					<field name="NUM">1</field>
				</shadow>
			</value>
			<value name="HIGH">
				<shadow type="math_number">
					<field name="NUM">100</field>
				</shadow>
			</value>
		</block>
		<block type="math_random_int">
			<value name="FROM">
				<shadow type="math_number">
					<field name="NUM">1</field>
				</shadow>
			</value>
			<value name="TO">
				<shadow type="math_number">
					<field name="NUM">100</field>
				</shadow>
			</value>
		</block>
		<block type="math_random_float"></block>
	</category>
	<!--category name="CAT_LIST" colour="#58B5DC"> <block type="lists_create_empty"></block>
		<block type="lists_create_with"></block> <block type="lists_repeat"> <value
		name="NUM"> <block type="math_number"> <field name="NUM">5</field> </block>
		</value> </block> <block type="lists_length"></block> <block type="lists_isEmpty"></block>
		<block type="lists_indexOf"></block> <block type="lists_getIndex"></block>
		<block type="lists_setIndex"></block> </category -->
	<category name="CAT_ARRAY" colour="#4CBFE6">
		<block type="array_declare"></block>
		<block type="array_modify"></block>
		<block type="array_create_with"></block>
		<block type="array_getIndex">
			<value name="AT">
				<block type="math_number">
					<field name="NUM">1</field>
				</block>
			</value>
		</block>
	</category>
	<category name="CAT_TEXT" colour="#9966FF">
		<block type="text"></block>
		<block type="text_char"></block>
		<block type="text_join"></block>
		<block type="text_append">
			<value name="TEXT">
				<shadow type="text"></shadow>
			</value>
		</block>
		<block type="text_length"></block>
		<block type="text_isEmpty"></block>
		<block type="text_compare_string"></block>
		<!-- <block type="text_indexOf"> -->
		<!-- <value name="VALUE"> -->
		<!-- <block type="variables_get"> -->
		<!-- <field name="VAR" class="textVar">...</field> -->
		<!-- </block> -->
		<!-- </value> -->
		<!-- </block> -->
		<!-- <block type="text_charAt"> -->
		<!-- <value name="VALUE"> -->
		<!-- <block type="variables_get"> -->
		<!-- <field name="VAR" class="textVar">...</field> -->
		<!-- </block> -->
		<!-- </value> -->
		<!-- </block> -->
		<!-- <block type="text_getSubstring"> -->
		<!-- <value name="STRING"> -->
		<!-- <block type="variables_get"> -->
		<!-- <field name="VAR" class="textVar">...</field> -->
		<!-- </block> -->
		<!-- </value> -->
		<!-- </block> -->
		<!-- <block type="text_changeCase"></block> -->
		<!-- <block type="text_trim"></block> -->
		<!-- <block type="text_print"></block> -->
		<!-- <block type="text_prompt_ext"> -->
		<!-- <value name="TEXT"> -->
		<!-- <block type="text"></block> -->
		<!-- </value> -->
		<!-- </block> -->
	</category>
	<!-- <category name="CAT_colour" colour="#c09e8c"> <block type="colour_picker"></block>
		<block type="colour_random"></block> <block type="colour_rgb"> <value name="RED">
		<block type="math_number"> <field name="NUM">100</field> </block> </value>
		<value name="GREEN"> <block type="math_number"> <field name="NUM">50</field>
		</block> </value> <value name="BLUE"> <block type="math_number"> <field name="NUM">0</field>
		</block> </value> </block> <block type="colour_blend"> <value name="COLOUR1">
		<block type="colour_picker"> <field name="COLOUR">#ff0000</field> </block>
		</value> <value name="COLOUR2"> <block type="colour_picker"> <field name="COLOUR">#3333ff</field>
		</block> </value> <value name="RATIO"> <block type="math_number"> <field
		name="NUM">0.5</field> </block> </value> </block> </category> -->
	<category name="CAT_VARIABLES" custom="VARIABLE" colour="#FF8C1A"></category>
	<category name="CAT_FUNCTIONS" custom="PROCEDURE" colour="#FF6680"></category>
	<sep></sep>
	<category name="CAT_ARDUINO" colour="#00979D">
		<block type="base_begin"></block>
		<block type="base_setup"></block>
		<block type="base_loop"></block>
		<block type="base_setup_loop"></block>
		<block type="base_define"></block>
		<block type="base_define_bloc"></block>
		<block type="biblio_include"></block>
		<block type="include_file"></block>	
		<block type="base_code"></block>
		<block type="base_comment"></block>
		<block type="base_end"></block>
		<category name="CAT_ARDUINO_IN" colour="#00979D">
			<block type="inout_analog_read_validator"></block>
			<block type="inout_digital_read_validator"></block>
			<block type="inout_analog_read"></block>
			<block type="inout_digital_read"></block>
			<block type="inout_digital_read_check"></block>
			<block type="inout_onoff"></block>
			<block type="base_toggle"></block>
			<block type="inout_angle"></block>
			<block type="inout_button_wait_il"></block>
			<block type="inout_button_wait_iph"></block>
			<!-- @pbra 20160607 -->
			<block type="inout_digital_mode">
				<value name="PIN">
					<shadow type="math_number">
						<field name="NUM">0</field>
					</shadow>
				</value>
				<value name="PINMODE">
					<shadow type="pinmode"></shadow>
				</value>
			</block>
			<!-- @pbra 20160607 END-->
			<block type="var_random">
				<value name="rand_min">
					<shadow type="math_number">
						<field name="NUM">0</field>
					</shadow>
				</value>
				<value name="rand_max">
					<shadow type="math_number">
						<field name="NUM">100</field>
					</shadow>
				</value>
			</block>
			<block type="base_map">
				<value name="NUM">
					<shadow type="math_number">
						<field name="NUM">0</field>
					</shadow>
				</value>
				<value name="DMAX">
					<shadow type="math_number">
						<field name="NUM">0</field>
					</shadow>
				</value>
			</block>
			<block type="various_constrain">
				<value name="a">
					<shadow type="math_number">
						<field name="NUM">0</field>
					</shadow>
				</value>
				<value name="b">
					<shadow type="math_number">
						<field name="NUM">100</field>
					</shadow>
				</value>
			</block>
			<block type="inout_attachInterrupt"></block>
			<block type="inout_detachInterrupt"></block>
		</category>
		<category name="CAT_ARDUINO_OUT" colour="#00979D">
			<block type="inout_buildin_led"></block>
			<block type="inout_digital_write_validator"></block>
			<block type="inout_PWM_write_validator">
				<value name="NUM">
					<shadow type="math_number">
						<field name="NUM">0</field>
					</shadow>
				</value>
			</block>
			<block type="inout_analog_write_validator">
				<value name="NUM">
					<shadow type="math_number">
						<field name="NUM">0</field>
					</shadow>
				</value>
			</block>
			<block type="inout_digital_write">
				<value name="STAT">
					<shadow type="inout_onoff"></shadow>
				</value>
			</block>
			<block type="inout_PWM_write">
				<value name="NUM">
					<shadow type="math_number">
						<field name="NUM">0</field>
					</shadow>
				</value>
			</block>
			<block type="inout_analog_write">
				<value name="NUM">
					<shadow type="math_number">
						<field name="NUM">0</field>
					</shadow>
				</value>
			</block>
			<block type="tone">
				<value name="PIN">
					<shadow type="math_number">
						<field name="NUM">2</field>
					</shadow>
				</value>
				<value name="NUM">
					<shadow type="math_number">
						<field name="NUM">0</field>
					</shadow>
				</value>
				<value name="TPS">
					<shadow type="math_number">
						<field name="NUM">0</field>
					</shadow>
				</value>
			</block>
			<block type="tone_notime">
				<value name="PIN">
					<shadow type="math_number">
						<field name="NUM">2</field>
					</shadow>
				</value>
				<value name="NUM">
					<shadow type="math_number">
						<field name="NUM">0</field>
					</shadow>
				</value>
			</block>
			<block type="notone"></block>
		</category>
		<category name="CAT_ARDUINO_TIME" colour="#00979D">
			<block type="millis"></block>
			<block type="millis_sec"></block>
			<block type="inout_pulsein"></block>
			<block type="inout_pulsein_timeout"></block>
			<block type="base_delay">
				<value name="DELAY_TIME">
					<shadow type="math_number">
						<field name="NUM">1000</field>
					</shadow>
				</value>
			</block>
			<block type="base_delay_sec">
				<value name="DELAY_TIME">
					<shadow type="math_number">
						<field name="NUM">5</field>
					</shadow>
				</value>
			</block>
			<block type="tempo_no_delay"></block>
		</category>
		<category name="CAT_ARDUINO_CONVERSION" colour="#00979D">
			<block type="conversion_tochar"></block>
			<block type="conversion_tobyte"></block>
			<block type="conversion_toint"></block>
			<block type="conversion_tofloat"></block>
			<block type="conversion_toString"></block>
			<block type="conversion_map"></block>
		</category>
		<category name="CAT_ARDUINO_COMM_SERIAL" colour="#00979D">
			<block type="serial_init"></block>
			<block type="serial_flush"></block>
			<block type="serial_write"></block>
			<block type="serial_printfor"></block>
			<block type="serial_print">
				<value name="CONTENT">
					<shadow type="text">
						<field name="TEXT"></field>
					</shadow>
				</value>
			</block>
			<block type="serial_print_tab">
				<value name="CONTENT">
					<shadow type="text">
						<field name="TEXT"></field>
					</shadow>
				</value>
			</block>
			<block type="serial_println">
				<value name="CONTENT">
					<shadow type="text">
						<field name="TEXT"></field>
					</shadow>
				</value>
			</block>
			<block type="serial_print_var">
				<value name="Text">
					<shadow type="text">
						<field name="TEXT"></field>
					</shadow>
				</value>
				<value name="N">
					<shadow type="math_number">
						<field name="Num"></field>
					</shadow>
				</value>
				<value name="NEW_LINE">
					<shadow type="logic_boolean">1
					</shadow>
				</value>
			</block>
			<block type="serial_write_out"></block>
			<block type="serial_available"></block>
			<block type="serial_read"></block>
			<block type="serial_readStringUntil">
				<value name="CONTENT">
					<shadow type="text">
						<field name="TEXT"></field>
					</shadow>
				</value>
			</block>
			<block type="serial_line"></block>
			<block type="serial_print_multi">
				<value name="N">					
				</value>
			</block>
		</category>
		<category name="CAT_ARDUINO_COMM_SOFTSERIAL" colour="#00979D">
			<block type="soft_init"></block>
			<block type="soft_flush"></block>
			<block type="soft_print"></block>
			<block type="soft_write"></block>
			<block type="soft_available"></block>
			<block type="soft_read"></block>
			<block type="soft_readStringUntil">
				<value name="CONTENT">
					<shadow type="text">
						<field name="TEXT"></field>
					</shadow>
				</value>
			</block>
			<block type="serial_line"></block>
		</category>
		<category name="CAT_STORAGE_EEPROM" colour="#00979D">
			<block type="storage_sd_write">
			</block>
			<block type="storage_eeprom_write_long">
			</block>
			<block type="storage_eeprom_read_long">
			</block>
			<block type="storage_eeprom_write_byte">
			</block>
			<block type="storage_eeprom_read_byte">
			</block>
		</category>
		<sep></sep>
	</category>
	<category name="CAT_ROBOBOX" colour="#004281">
	  <category name="CAT_ROBOBOX_SERVO" colour="#004281">
	    <block type="robobox_servo_setAngle"></block>
	    <block type="robobox_servo_getAngle"></block>
	  </category>
	  <category name="CAT_ROBOBOX_SENSORS" colour="#004281">
	    <block type="robobox_sensors_ultrasound">
	      <value name="TRIGER">
		<shadow type="math_number">
		  <field name="NUM">0</field>
		</shadow>
	      </value>
	      <value name="DIST">
		<shadow type="math_number">
		  <field name="NUM">1</field>
		</shadow>
	      </value>
	    </block>
	  </category>
	  <category name="CAT_ROBOBOX_IRREMOTE" colour="#004281">
	    <block type="robobox_IRremote_decode">
	      <value name="PIN">
		<shadow type="math_number">
		  <field name="NUM">0</field>
		</shadow>
	      </value>
	    </block>
	    <block type="robobox_IRremote_signalLen">
	      <value name="PIN">
		<shadow type="math_number">
		  <field name="NUM">0</field>
		</shadow>
	      </value>
	    </block>
	    <block type="robobox_IRremote_signalArray">
	      <value name="PIN">
		<shadow type="math_number">
		  <field name="NUM">0</field>
		</shadow>
	      </value>
	    </block>
	    <block type="robobox_IRremote_signalCode">
	      <value name="PIN">
		<shadow type="math_number">
		  <field name="NUM">0</field>
		</shadow>
	      </value>
	    </block>
	    <block type="robobox_IRremote_resume">
	      <value name="PIN">
		<shadow type="math_number">
		  <field name="NUM">0</field>
		</shadow>
	      </value>
	    </block>
	    <block type="robobox_IRremote_send"></block>
	    <block type="robobox_IRremote_sendArray"></block>
	  </category>
	  <category name="CAT_ROBOBOX_MONTH4" colour="#004281">
	    <block type="robobox_month4_move"></block>
	    <block type="robobox_month4_moveBackward"></block>
	    <block type="robobox_month4_turn"></block>
	    <block type="robobox_month4_turnLeft"></block>
	  </category>
	  <category name="CAT_ROBOBOX_MONTH6" colour="#004281">
	    <block type="robobox_month6_lineC"></block>
	    <block type="robobox_month6_lineD"></block>
	    <block type="robobox_month6_lineG"></block>
	    <block type="robobox_month6_calcAngle"></block>
	  </category>
	  <category name="CAT_ROBOBOX_MONTH8" colour="#004281">
	    <block type="robobox_month8_analyze"></block>
	  </category>
	</category>
</toolbox>