<?xml version="1.0" encoding="utf-8" ?>
<toolbox>
	<parametre id="defaultCategories">CAT_LOGIC,CAT_LOOPS,CAT_MATH, CAT_ARRAY, CAT_TEXT, CAT_VARIABLES,CAT_FUNCTIONS,CAT_ARDUINO
	</parametre>
	<category name="CAT_LOGIC" colour="#FFAB19">
		<block type="controls_if"></block>
		<block type="controls_switch"></block>
		<block type="logic_compare"></block>
		<block type="logic_operation"></block>
		<block type="logic_negate"></block>
		<block type="logic_boolean"></block>
		<block type="logic_null"></block>
	</category>
	<category name="CAT_LOOPS" colour="#FFD500">
		<block type="controls_repeat"></block>
		<block type="controls_repeat_ext">
			<value name="TIMES">
				<shadow type="math_number">
					<field name="NUM">10</field>
				</shadow>
			</value>
		</block>
		<block type="controls_whileUntil"></block>
		<block type="controls_for">
			<field name="VAR">i</field>
			<value name="FROM">
				<shadow type="math_number">
					<field name="NUM">1</field>
				</shadow>
			</value>
			<value name="TO">
				<shadow type="math_number">
					<field name="NUM">10</field>
				</shadow>
			</value>
			<value name="BY">
				<shadow type="math_number">
					<field name="NUM">1</field>
				</shadow>
			</value>
		</block>
		<block type="controls_flow_statements"></block>
	</category>
	<category name="CAT_MATH" colour="#40BF4A">
		<block type="math_number"></block>
		<block type="inout_angle_maths"></block>
		<block type="math_arithmetic"></block>
		<block type="math_single"></block>
		<block type="math_trig"></block>
		<block type="math_constant"></block>
		<block type="math_number_property"></block>
		<block type="math_change">
			<value name="DELTA">
				<shadow type="math_number">
					<field name="NUM">1</field>
				</shadow>
			</value>
		</block>
		<block type="math_round"></block>
		<block type="math_on_list"></block>
		<block type="math_modulo"></block>
		<block type="math_constrain">
			<value name="LOW">
				<shadow type="math_number">
					<field name="NUM">1</field>
				</shadow>
			</value>
			<value name="HIGH">
				<shadow type="math_number">
					<field name="NUM">100</field>
				</shadow>
			</value>
		</block>
		<block type="math_random_int">
			<value name="FROM">
				<shadow type="math_number">
					<field name="NUM">1</field>
				</shadow>
			</value>
			<value name="TO">
				<shadow type="math_number">
					<field name="NUM">100</field>
				</shadow>
			</value>
		</block>
		<block type="math_random_float"></block>
	</category>
	<category name="CAT_ARRAY" colour="#4CBFE6">
		<block type="array_create_with"></block>
		<block type="array_getIndex">
			<value name="AT">
				<block type="math_number">
					<field name="NUM">1</field>
				</block>
			</value>
		</block>
	</category>
	<category name="CAT_TEXT" colour="#9966FF">
		<block type="text"></block>
		<block type="text_char"></block>
		<block type="text_join"></block>
		<block type="text_append">
			<value name="TEXT">
				<shadow type="text"></shadow>
			</value>
		</block>
		<block type="text_length"></block>
		<block type="text_isEmpty"></block>
	</category>
	<category name="CAT_VARIABLES" custom="VARIABLE" colour="#FF8C1A"></category>
	<category name="CAT_FUNCTIONS" custom="PROCEDURE" colour="#FF6680"></category>
	<sep></sep>
	<category name="CAT_ARDUINO" colour="#00979D">
		<block type="base_begin"></block>
		<block type="base_setup"></block>
		<block type="base_loop"></block>
		<block type="base_setup_loop"></block>
		<block type="base_define"></block>
		<block type="base_define_bloc"></block>
		<block type="biblio_include"></block>
		<block type="base_code"></block>
		<block type="base_comment"></block>
		<block type="base_end"></block>
		<category name="CAT_ARDUINO_IN" colour="#00979D">
			<block type="inout_analog_read_validator"></block>
			<block type="inout_digital_read_validator"></block>
			<block type="inout_analog_read"></block>
			<block type="inout_digital_read"></block>
			<block type="inout_digital_read_check"></block>
			<block type="inout_onoff"></block>
			<block type="base_toggle"></block>
			<block type="inout_angle"></block>
			<block type="inout_button_wait_il"></block>
			<block type="inout_button_wait_iph"></block>
			<!-- @pbra 20160607 -->
			<block type="inout_digital_mode">
				<value name="PIN">
					<shadow type="math_number">
						<field name="NUM">0</field>
					</shadow>
				</value>
				<value name="PINMODE">
					<shadow type="pinmode"></shadow>
				</value>
			</block>
			<!-- @pbra 20160607 END-->
			<block type="var_random">
				<value name="rand_min">
					<shadow type="math_number">
						<field name="NUM">0</field>
					</shadow>
				</value>
				<value name="rand_max">
					<shadow type="math_number">
						<field name="NUM">100</field>
					</shadow>
				</value>
			</block>
			<block type="base_map">
				<value name="NUM">
					<shadow type="math_number">
						<field name="NUM">0</field>
					</shadow>
				</value>
				<value name="DMAX">
					<shadow type="math_number">
						<field name="NUM">0</field>
					</shadow>
				</value>
			</block>
			<block type="various_constrain">
				<value name="a">
					<shadow type="math_number">
						<field name="NUM">0</field>
					</shadow>
				</value>
				<value name="b">
					<shadow type="math_number">
						<field name="NUM">100</field>
					</shadow>
				</value>
			</block>
			<block type="inout_attachInterrupt"></block>
			<block type="inout_detachInterrupt"></block>
		</category>
		<category name="CAT_ARDUINO_OUT" colour="#00979D">
			<block type="inout_buildin_led"></block>
			<block type="inout_digital_write_validator"></block>
			<block type="inout_PWM_write_validator">
				<value name="NUM">
					<shadow type="math_number">
						<field name="NUM">0</field>
					</shadow>
				</value>
			</block>
			<block type="inout_analog_write_validator">
				<value name="NUM">
					<shadow type="math_number">
						<field name="NUM">0</field>
					</shadow>
				</value>
			</block>
			<block type="inout_digital_write">
				<value name="STAT">
					<shadow type="inout_onoff"></shadow>
				</value>
			</block>
			<block type="inout_PWM_write">
				<value name="NUM">
					<shadow type="math_number">
						<field name="NUM">0</field>
					</shadow>
				</value>
			</block>
			<block type="inout_analog_write">
				<value name="NUM">
					<shadow type="math_number">
						<field name="NUM">0</field>
					</shadow>
				</value>
			</block>
			<block type="tone">
				<value name="NUM">
					<shadow type="math_number">
						<field name="NUM">0</field>
					</shadow>
				</value>
				<value name="TPS">
					<shadow type="math_number">
						<field name="NUM">0</field>
					</shadow>
				</value>
			</block>
			<block type="notone"></block>
		</category>
		<category name="CAT_ARDUINO_TIME" colour="#00979D">
			<block type="millis"></block>
			<block type="millis_sec"></block>
			<block type="inout_pulsein"></block>
			<block type="inout_pulsein_timeout"></block>
			<block type="base_delay">
				<value name="DELAY_TIME">
					<shadow type="math_number">
						<field name="NUM">1000</field>
					</shadow>
				</value>
			</block>
			<block type="base_delay_sec">
				<value name="DELAY_TIME">
					<shadow type="math_number">
						<field name="NUM">5</field>
					</shadow>
				</value>
			</block>
			<block type="tempo_no_delay"></block>
		</category>
		<category name="CAT_ARDUINO_CONVERSION" colour="#00979D">
			<block type="conversion_tochar"></block>
			<block type="conversion_tobyte"></block>
			<block type="conversion_toint"></block>
			<block type="conversion_tofloat"></block>
			<block type="conversion_toString"></block>
			<block type="conversion_map"></block>
		</category>
		<category name="CAT_ARDUINO_COMM_SERIAL" colour="#00979D">
			<block type="serial_init"></block>
			<block type="serial_flush"></block>
			<block type="serial_write"></block>
			<block type="serial_printfor"></block>
			<block type="serial_print">
				<value name="CONTENT">
					<shadow type="text">
						<field name="TEXT"></field>
					</shadow>
				</value>
			</block>
			<block type="serial_print_tab">
				<value name="CONTENT">
					<shadow type="text">
						<field name="TEXT"></field>
					</shadow>
				</value>
			</block>
			<block type="serial_println">
				<value name="CONTENT">
					<shadow type="text">
						<field name="TEXT"></field>
					</shadow>
				</value>
			</block>
			<block type="serial_print_var">
				<value name="Text">
					<shadow type="text">
						<field name="TEXT"></field>
					</shadow>
				</value>
				<value name="N">
					<shadow type="math_number">
						<field name="Num"></field>
					</shadow>
				</value>
				<value name="NEW_LINE">
					<shadow type="logic_boolean">1
					</shadow>
				</value>
			</block>
			<block type="serial_write_out"></block>
			<block type="serial_available"></block>
			<block type="serial_read"></block>
			<block type="serial_line"></block>
			<block type="serial_print_multi">
				<value name="N">
					
				</value>
			</block>
		</category>
		<category name="CAT_ARDUINO_COMM_SOFTSERIAL" colour="#00979D">
			<block type="soft_init"></block>
			<block type="soft_flush"></block>
			<block type="soft_print"></block>
			<block type="soft_write"></block>
			<block type="soft_available"></block>
			<block type="soft_read"></block>
			<block type="serial_line"></block>
		</category>
		<category name="CAT_STORAGE_EEPROM" colour="#00979D">
			<block type="storage_sd_write">
			</block>
			<block type="storage_eeprom_write_long">
			</block>
			<block type="storage_eeprom_read_long">
			</block>
			<block type="storage_eeprom_write_byte">
			</block>
			<block type="storage_eeprom_read_byte">
			</block>
		</category>
		<sep></sep>
	</category>	
	
	<category name="CAT_FONCTION_AFFICHAGE" colour="#5CB712">
		<category name="CAT_FONCTION_AFFICHAGE_LED" colour="#5CB712">	</category>
		<category name="CAT_FONCTION_AFFICHAGE_7SEG" colour="#5CB712">	</category>
		<category name="CAT_FONCTION_AFFICHAGE_LCD" colour="#5CB712">
			<category name="CAT_FONCTION_AFFICHAGE_LCD_SERIE" colour="#5CB712">			</category>
			<category name="CAT_FONCTION_AFFICHAGE_LCD_I2C" colour="#5CB712">			</category>
			<category name="CAT_FONCTION_AFFICHAGE_LCD_4BITS" colour="#5CB712">			</category>
			<sep></sep>
		</category>
		<category name="CAT_FONCTION_AFFICHAGE_SERIE" colour="#5CB712">		</category>
		<sep></sep>
	</category>	
	
	<category name="CAT_FONCTION_CAPTEURS" colour="#58B5DC">
		<category name="CAT_FONCTION_CAPTEURS_TEMPERATURE" colour="#58B5DC"> 	</category>
		<category name="CAT_FONCTION_CAPTEURS_TEMPHUM" colour="#58B5DC"> 	</category>
		<category name="CAT_FONCTION_CAPTEURS_LUX" colour="#58B5DC"> 	</category>
		<category name="CAT_FONCTION_CAPTEURS_VOCAL" colour="#58B5DC"> 	</category>
		<category name="CAT_FONCTION_CAPTEURS_BATTERY" colour="#58B5DC"> 	</category>
		<category name="CAT_FONCTION_CAPTEURS_COLOR" colour="#58B5DC"> 	</category>
	</category>	
	
	<category name="CAT_FONCTION_MOTEURS" colour="#8A55D7">
		<category name="CAT_FONCTION_MOTEURS_MOTORCC" colour="#8A55D7">			</category>
		<category name="CAT_FONCTION_MOTEURS_PAP" colour="#8A55D7">				</category>
		<category name="CAT_FONCTION_MOTEURS_SERVO" colour="#8A55D7">			</category>
	</category>	
	
	<category name="CAT_FONCTION_ENTREES" colour="#E1A91A">
		<category name="CAT_FONCTION_ENTREES_CAN" colour="#E1A91A">  			</category>
		<category name="CAT_FONCTION_ENTREES_KEYBOARD" colour="#E1A91A">  		</category>
		<category name="CAT_FONCTION_ENTREES_BUTTON" colour="#E1A91A">  		</category>
	</category>	
	
	<category name="CAT_FONCTION_SORTIES" colour="#58B5DC">
		<category name="CAT_FONCTION_SORTIES_PWM" colour="#58B5DC">				</category>
		<category name="CAT_FONCTION_SORTIES_BUZZER" colour="#58B5DC">			</category>
	</category>	
	
	<category name="CAT_FONCTION_BUS" colour="#E1A91A">
		<category name="CAT_FONCTION_BUS_RS232" colour="#E1A91A">					</category>
		<category name="CAT_FONCTION_BUS_I2C" colour="#E1A91A">						
			<category name="CAT_FONCTION_BUS_I2C_SOFT" colour="#E1A91A">				</category>
			<category name="CAT_FONCTION_BUS_I2C_HARD" colour="#E1A91A">				</category>
		</category>
		<category name="CAT_FONCTION_BUS_SPI" colour="#E1A91A">						</category>
		<category name="CAT_FONCTION_BUS_1WIRE" colour="#E1A91A">					</category>
		<category name="CAT_FONCTION_BUS_Ethernet" colour="#E1A91A">				</category>
	</category>	
	
	<category name="CAT_FONCTION_WIRELESS" colour="#8A55D7">
		<category name="CAT_FONCTION_WIRELESS_BLUTOOTH" colour="#8A55D7">		</category>
		<category name="CAT_FONCTION_WIRELESS_WIFI" colour="#8A55D7">			</category>
		<category name="CAT_FONCTION_WIRELESS_RFID" colour="#8A55D7">			</category>
		<category name="CAT_FONCTION_WIRELESS_NFC" colour="#8A55D7">			</category>
		<category name="CAT_FONCTION_WIRELESS_GPS" colour="#8A55D7">			</category>
		<category name="CAT_FONCTION_WIRELESS_GSM" colour="#8A55D7">			</category>
		<category name="CAT_FONCTION_WIRELESS_IR" colour="#8A55D7">				</category>
		<category name="CAT_FONCTION_WIRELESS_RC5" colour="#8A55D7">			</category>
		<category name="CAT_FONCTION_WIRELESS_RF24" colour="#8A55D7">			</category>
		<category name="CAT_FONCTION_WIRELESS_ZIGBEE" colour="#8A55D7">			</category>
	</category>
	
	<category name="CAT_FONCTION_STOCKAGE" colour="#58B5DC">
		<category name="CAT_FONCTION_STOCKAGE_EEPROM" colour="#58B5DC">		</category>
		<category name="CAT_FONCTION_STOCKAGE_SDCARD" colour="#58B5DC">		</category>
	</category>
</toolbox>