<xml xmlns="http://www.w3.org/1999/xhtml">
  <toolbox>toolbox_arduino_all</toolbox>
  <block type="base_begin" id="S((#Wd,NMY6cd$.Ovv,+" x="-180" y="191">
    <next>
      <block type="controls_repeat_ext" id=")IKW4M7soulxa3SrG]O]">
        <value name="TIMES">
          <block type="math_number" id="M+[R]aSYD[OyZfu!J#d)">
            <field name="NUM">2</field>
          </block>
        </value>
        <statement name="DO">
          <block type="tone" id="vl{hIZf!54iwddWaI=UQ">
            <value name="PIN">
              <block type="variables_get" id="+ZGu,WP-c14~.l/_/51V" inline="false">
                <field name="VAR">buzzer</field>
              </block>
            </value>
            <value name="NUM">
              <block type="variables_get" id="$j[~;0?dcE_w)IIFtHfx" inline="false">
                <field name="VAR">_sol</field>
              </block>
            </value>
            <value name="TPS">
              <block type="variables_get" id="lUx$2H`H^fcYLHqEbEea" inline="false">
                <field name="VAR">noire</field>
              </block>
            </value>
          </block>
        </statement>
        <next>
          <block type="tone" id=";`gfF?9:LG-UZ#3wT?L6">
            <value name="PIN">
              <block type="variables_get" id="9JjX?Qyu(@}M:BXaM=BS" inline="false">
                <field name="VAR">buzzer</field>
              </block>
            </value>
            <value name="NUM">
              <block type="variables_get" id="LWO,f+Ix=iWZ!61W7wJ|" inline="false">
                <field name="VAR">_la</field>
              </block>
            </value>
            <value name="TPS">
              <block type="variables_get" id="9_#]Iq+T%)whj{yW+ipz" inline="false">
                <field name="VAR">noire</field>
              </block>
            </value>
            <next>
              <block type="tone" id=":I+DXU3si^n*Ab|J}(ZQ">
                <value name="PIN">
                  <block type="variables_get" id="2:Jm9U6*qRuRPoT-Ux+." inline="false">
                    <field name="VAR">buzzer</field>
                  </block>
                </value>
                <value name="NUM">
                  <block type="variables_get" id="5`OSQ3_mM9n4/T2x0M}," inline="false">
                    <field name="VAR">_sol</field>
                  </block>
                </value>
                <value name="TPS">
                  <block type="variables_get" id="cFS9V=1iwj9BWb]@1;%9" inline="false">
                    <field name="VAR">noire</field>
                  </block>
                </value>
                <next>
                  <block type="tone" id="2C8,=@w^[ermi0[74kX^">
                    <value name="PIN">
                      <block type="variables_get" id="o;7P+R-,GERfw3Q0,Y,." inline="false">
                        <field name="VAR">buzzer</field>
                      </block>
                    </value>
                    <value name="NUM">
                      <block type="variables_get" id="V|yF4.!r%*~OdG(OWko7" inline="false">
                        <field name="VAR">_do</field>
                      </block>
                    </value>
                    <value name="TPS">
                      <block type="variables_get" id="z9bqV/kIQsR/C*{iG^2g" inline="false">
                        <field name="VAR">noire</field>
                      </block>
                    </value>
                    <next>
                      <block type="tone" id="Ibz0BDiIXE,o6kIx~K`L">
                        <value name="PIN">
                          <block type="variables_get" id="e+_g)8l=BXOpX-~SK,b0" inline="false">
                            <field name="VAR">buzzer</field>
                          </block>
                        </value>
                        <value name="NUM">
                          <block type="variables_get" id="CyWAt`hkxa,]yyA8P:u6" inline="false">
                            <field name="VAR">_si</field>
                          </block>
                        </value>
                        <value name="TPS">
                          <block type="variables_get" id="cVW~fk[#duM1R?ajE076" inline="false">
                            <field name="VAR">blanche</field>
                          </block>
                        </value>
                        <next>
                          <block type="controls_repeat_ext" id="u3xYYVFn4a@vZgAy*j~Q">
                            <value name="TIMES">
                              <block type="math_number" id="ghW6YR.1)oah_=YiBvX?">
                                <field name="NUM">2</field>
                              </block>
                            </value>
                            <statement name="DO">
                              <block type="tone" id="`(.D!+8GkeIy6.Dq_sr1">
                                <value name="PIN">
                                  <block type="variables_get" id="uyE]r-HwqNGGbhU^mzJs" inline="false">
                                    <field name="VAR">buzzer</field>
                                  </block>
                                </value>
                                <value name="NUM">
                                  <block type="variables_get" id="uC-`TS`;Jc.|0EN%u_/!" inline="false">
                                    <field name="VAR">_sol</field>
                                  </block>
                                </value>
                                <value name="TPS">
                                  <block type="variables_get" id="{{]}-/bJqvh@A+)-,u[M" inline="false">
                                    <field name="VAR">noire</field>
                                  </block>
                                </value>
                              </block>
                            </statement>
                            <next>
                              <block type="tone" id="Z@iWx(ar?4Z+BTzND|7l">
                                <value name="PIN">
                                  <block type="variables_get" id="XH:!Ltb[rW(*k2_5+whU" inline="false">
                                    <field name="VAR">buzzer</field>
                                  </block>
                                </value>
                                <value name="NUM">
                                  <block type="variables_get" id="Yak-geL3h)]%OJ$u?N:I" inline="false">
                                    <field name="VAR">_la</field>
                                  </block>
                                </value>
                                <value name="TPS">
                                  <block type="variables_get" id=".]jO{jU=/nh23!]^kY^K" inline="false">
                                    <field name="VAR">noire</field>
                                  </block>
                                </value>
                                <next>
                                  <block type="tone" id="Nh:yxc1.fJs!Q=Rh`3LJ">
                                    <value name="PIN">
                                      <block type="variables_get" id="n9D%Ux,,_`:w|55_$^GP" inline="false">
                                        <field name="VAR">buzzer</field>
                                      </block>
                                    </value>
                                    <value name="NUM">
                                      <block type="variables_get" id="7gx_aB0~*%g~ql4#^R#~" inline="false">
                                        <field name="VAR">_sol</field>
                                      </block>
                                    </value>
                                    <value name="TPS">
                                      <block type="variables_get" id="q4(T,J7ro2~t7S3)=YCI" inline="false">
                                        <field name="VAR">noire</field>
                                      </block>
                                    </value>
                                    <next>
                                      <block type="tone" id="T{LGEsU;0d_Wml`^[?]M">
                                        <value name="PIN">
                                          <block type="variables_get" id="3~e2!q55(a-Xj^W;TlW=" inline="false">
                                            <field name="VAR">buzzer</field>
                                          </block>
                                        </value>
                                        <value name="NUM">
                                          <block type="variables_get" id="PqiQq8U!yvrf]-;Xt#*X" inline="false">
                                            <field name="VAR">_re</field>
                                          </block>
                                        </value>
                                        <value name="TPS">
                                          <block type="variables_get" id="JrA?_wIn$]f%$py=JtX~" inline="false">
                                            <field name="VAR">noire</field>
                                          </block>
                                        </value>
                                        <next>
                                          <block type="tone" id="m}Lscg}+x]GlcaN@}!j0">
                                            <value name="PIN">
                                              <block type="variables_get" id="E{[oNw^!MbG5Z=C-;v7A" inline="false">
                                                <field name="VAR">buzzer</field>
                                              </block>
                                            </value>
                                            <value name="NUM">
                                              <block type="variables_get" id="zi]B{F)OL.[S^c8zuD$`" inline="false">
                                                <field name="VAR">_do</field>
                                              </block>
                                            </value>
                                            <value name="TPS">
                                              <block type="variables_get" id="?{^A3]YA?sx/L4rz:QxI" inline="false">
                                                <field name="VAR">blanche</field>
                                              </block>
                                            </value>
                                            <next>
                                              <block type="base_end" id="wHm0EVGE3J`h(jw-^GSA"></block>
                                            </next>
                                          </block>
                                        </next>
                                      </block>
                                    </next>
                                  </block>
                                </next>
                              </block>
                            </next>
                          </block>
                        </next>
                      </block>
                    </next>
                  </block>
                </next>
              </block>
            </next>
          </block>
        </next>
      </block>
    </next>
  </block>
  <block type="base_define" id="]DBE$H^ZQt/z`l,t*Ozm" x="-542" y="448">
    <statement name="DO">
      <block type="base_define_const" id="pX!7[ce~cuureZQPrM9D">
        <field name="VAR">buzzer</field>
        <value name="TEXT2">
          <block type="math_number" id="v:BcYj)%x%,s!uro(UKJ" inline="false">
            <field name="NUM">5</field>
          </block>
        </value>
        <next>
          <block type="base_define_const" id="(f^QZ{7Ei`iMTp+y%_pR">
            <field name="VAR">blanche</field>
            <value name="TEXT2">
              <block type="math_number" id="5@*5A#1QoC9p}#;v#rKJ" inline="false">
                <field name="NUM">600</field>
              </block>
            </value>
            <next>
              <block type="base_define_const" id="`(,^n2-bCrggplpy,iQR">
                <field name="VAR">noire</field>
                <value name="TEXT2">
                  <block type="math_number" id="oIT5]w#9DSdVZU(4c1|W" inline="false">
                    <field name="NUM">300</field>
                  </block>
                </value>
                <next>
                  <block type="base_define_const" id="aGywAU#9PrtLd%^i7koL">
                    <field name="VAR">_sol</field>
                    <value name="TEXT2">
                      <block type="math_number" id="UQD)c^?u~UV8Io1LU?,8" inline="false">
                        <field name="NUM">784</field>
                      </block>
                    </value>
                    <next>
                      <block type="base_define_const" id="4KJ0+7jCHA61VfN.D/eL">
                        <field name="VAR">_la</field>
                        <value name="TEXT2">
                          <block type="math_number" id="9q$70Vu*DhTiH%z4VfDB" inline="false">
                            <field name="NUM">880</field>
                          </block>
                        </value>
                        <next>
                          <block type="base_define_const" id="*h+kjIqQgeE]kgQlTs*W">
                            <field name="VAR">_si</field>
                            <value name="TEXT2">
                              <block type="math_number" id=":q@;dk?$Lsmj0n=25-a#" inline="false">
                                <field name="NUM">988</field>
                              </block>
                            </value>
                            <next>
                              <block type="base_define_const" id="Cg--U[:Om:!0vY$ImEZQ">
                                <field name="VAR">_do</field>
                                <value name="TEXT2">
                                  <block type="math_number" id="htyLsyHa:yfPqvVGcd+G" inline="false">
                                    <field name="NUM">1046</field>
                                  </block>
                                </value>
                                <next>
                                  <block type="base_define_const" id="mA=Gj=rcIc|SBlMEB8mM">
                                    <field name="VAR">_re</field>
                                    <value name="TEXT2">
                                      <block type="math_number" id="TRNsX(]sUJswQD[5v*Y%" inline="false">
                                        <field name="NUM">1175</field>
                                      </block>
                                    </value>
                                  </block>
                                </next>
                              </block>
                            </next>
                          </block>
                        </next>
                      </block>
                    </next>
                  </block>
                </next>
              </block>
            </next>
          </block>
        </next>
      </block>
    </statement>
  </block>
</xml>