<xml xmlns="http://www.w3.org/1999/xhtml">
  <block type="technozone_wf_init" id="239" x="37" y="-7">
    <field name="RXpin">10</field>
    <field name="TXpin">9</field>
    <next>
      <block type="technozone_wf_led" id="420" inline="true">
        <field name="COLOR">none</field>
        <value name="FIELD">
          <block type="math_number" id="421">
            <field name="NUM">3</field>
          </block>
        </value>
        <next>
          <block type="technozone_led1red" id="494">
            <field name="STAT">LOW</field>
            <field name="PIN">4</field>
            <next>
              <block type="controls_whileUntil" id="283" inline="false">
                <field name="MODE">WHILE</field>
                <value name="BOOL">
                  <block type="logic_boolean" id="300">
                    <field name="BOOL">TRUE</field>
                  </block>
                </value>
                <statement name="DO">
                  <block type="base_delay" id="568" inline="true">
                    <value name="DELAY_TIME">
                      <block type="math_number" id="569">
                        <field name="NUM">10</field>
                      </block>
                    </value>
                    <next>
                      <block type="controls_if" id="307" inline="false">
                        <value name="IF0">
                          <block type="technozone_wf_available" id="272"></block>
                        </value>
                        <statement name="DO0">
                          <block type="controls_if" id="348" inline="false">
                            <value name="IF0">
                              <block type="technozone_wf_switch" id="340" inline="true">
                                <field name="LOGIQUE">true</field>
                                <value name="FIELD">
                                  <block type="math_number" id="341">
                                    <field name="NUM">2</field>
                                  </block>
                                </value>
                              </block>
                            </value>
                            <statement name="DO0">
                              <block type="technozone_wf_led" id="416" inline="true">
                                <field name="COLOR">red</field>
                                <value name="FIELD">
                                  <block type="math_number" id="417">
                                    <field name="NUM">3</field>
                                  </block>
                                </value>
                                <next>
                                  <block type="technozone_led1red" id="492">
                                    <field name="STAT">HIGH</field>
                                    <field name="PIN">4</field>
                                  </block>
                                </next>
                              </block>
                            </statement>
                            <next>
                              <block type="controls_if" id="349" inline="false">
                                <value name="IF0">
                                  <block type="technozone_wf_switch" id="350" inline="true">
                                    <field name="LOGIQUE">false</field>
                                    <value name="FIELD">
                                      <block type="math_number" id="351">
                                        <field name="NUM">2</field>
                                      </block>
                                    </value>
                                  </block>
                                </value>
                                <statement name="DO0">
                                  <block type="technozone_wf_led" id="418" inline="true">
                                    <field name="COLOR">none</field>
                                    <value name="FIELD">
                                      <block type="math_number" id="419">
                                        <field name="NUM">3</field>
                                      </block>
                                    </value>
                                    <next>
                                      <block type="technozone_led1red" id="493">
                                        <field name="STAT">LOW</field>
                                        <field name="PIN">4</field>
                                      </block>
                                    </next>
                                  </block>
                                </statement>
                                <next>
                                  <block type="technozone_wf_reset" id="454"></block>
                                </next>
                              </block>
                            </next>
                          </block>
                        </statement>
                      </block>
                    </next>
                  </block>
                </statement>
              </block>
            </next>
          </block>
        </next>
      </block>
    </next>
  </block>
</xml>