<xml xmlns="http://www.w3.org/1999/xhtml">
  <toolboxcategories>CAT_LOGIC,CAT_LOOPS,CAT_MATH,CAT_TEXT,CAT_VARIABLES,CAT_FUNCTIONS,CAT_ARDUINO,CAT_RFID</toolboxcategories>
  <toolbox>toolbox_arduino_all</toolbox>
  <block type="base_define_bloc" id="{FX2Y8c}oDT=nPMZQ?BL" x="38" y="-12">
    <statement name="DO">
      <block type="variables_set_init" id="RU`OXA5I$~%L.hrQ3.Zd">
        <field name="VAR">previousTime</field>
        <field name="VARIABLE_SETTYPE_TYPE">LARGE_UNS_NUMBER</field>
        <value name="VALUE">
          <block type="math_number" id="Y}9@pjIK`vx:!2VWhGL+">
            <field name="NUM">0</field>
          </block>
        </value>
        <next>
          <block type="variables_set_init" id="oaK1u?W!h[lLdN^n?C/E">
            <field name="VAR">switchState</field>
            <field name="VARIABLE_SETTYPE_TYPE">NUMBER</field>
            <value name="VALUE">
              <block type="math_number" id="P^gAP7S2y(Wki`-vPKvh">
                <field name="NUM">0</field>
              </block>
            </value>
            <next>
              <block type="variables_set_init" id="9E=`nm@73JSfWbyKs0`D">
                <field name="VAR">prevSwitchState</field>
                <field name="VARIABLE_SETTYPE_TYPE">NUMBER</field>
                <value name="VALUE">
                  <block type="math_number" id="bLWY5Ryr.n3pxxTk6W(,">
                    <field name="NUM">0</field>
                  </block>
                </value>
                <next>
                  <block type="variables_set_init" id="o+NE(!~5l6=*Ye./kVqg">
                    <field name="VAR">led</field>
                    <field name="VARIABLE_SETTYPE_TYPE">NUMBER</field>
                    <value name="VALUE">
                      <block type="math_number" id="2ksX@~T*PGr;.,fg3I0u">
                        <field name="NUM">2</field>
                      </block>
                    </value>
                    <next>
                      <block type="variables_set_init" id="3#}pz9bu+eu9zhrl$@%B">
                        <field name="VAR">interval</field>
                        <field name="VARIABLE_SETTYPE_TYPE">LARGE_NUMBER</field>
                        <value name="VALUE">
                          <block type="math_number" id="Oe[Wo?x~3z4^HDYHyE!q">
                            <field name="NUM">600000</field>
                          </block>
                        </value>
                      </block>
                    </next>
                  </block>
                </next>
              </block>
            </next>
          </block>
        </next>
      </block>
    </statement>
  </block>
  <block type="base_setup_loop" id="E{l(1V7mSx?$_G4wQLu)" x="38" y="238">
    <statement name="DO">
      <block type="controls_for" id="jUMzXDb$2.Uu=F2y6!ID">
        <field name="VAR">x</field>
        <value name="FROM">
          <shadow type="math_number" id="ZczOD9dQ5qGD.dON!zW-">
            <field name="NUM">2</field>
          </shadow>
        </value>
        <value name="TO">
          <shadow type="math_number" id=",P,i4!lgcQdE;[IXzoeB">
            <field name="NUM">7</field>
          </shadow>
        </value>
        <value name="BY">
          <shadow type="math_number" id="h8;_y_FnXefksM;9|88D">
            <field name="NUM">1</field>
          </shadow>
        </value>
        <statement name="DO">
          <block type="inout_digital_mode" id="}BzZ!n-/q}0P:3WUl9,C">
            <value name="PIN">
              <shadow type="math_number" id="E)t#Fw;R%-P1CUG^sK[p">
                <field name="NUM">0</field>
              </shadow>
              <block type="variables_get" id="{nIHm~!SR*S[;SNl--Yi">
                <field name="VAR">x</field>
              </block>
            </value>
            <value name="PINMODE">
              <shadow type="pinmode" id="l05QmeMnShSR:|8`vP3j">
                <field name="PINMODE">OUTPUT</field>
              </shadow>
            </value>
          </block>
        </statement>
      </block>
    </statement>
    <statement name="LOOP">
      <block type="variables_set" id="j66ZZjExB5{BpK]Uf(lY">
        <field name="VAR">currentTime</field>
        <value name="VALUE">
          <block type="variables_set_type" id="P^3h:0UPeA.@WNLPkl.B">
            <field name="VARIABLE_SETTYPE_TYPE">LARGE_UNS_NUMBER</field>
            <value name="VARIABLE_SETTYPE_INPUT">
              <block type="millis" id="s-3R_WTNcW7X_G*TwU#5"></block>
            </value>
          </block>
        </value>
        <next>
          <block type="controls_if" id="zY|-rd(5lCeK0bo,iu7N">
            <value name="IF0">
              <block type="logic_compare" id="##DSynV#f}W.3!AEI`;i">
                <field name="OP">GT</field>
                <value name="A">
                  <block type="math_arithmetic" id="R1n)M+}sTQYE1A+`ZI`V">
                    <field name="OP">MINUS</field>
                    <value name="A">
                      <block type="variables_get" id="1lt|lG`W0.lj:ht.?aiG">
                        <field name="VAR">currentTime</field>
                      </block>
                    </value>
                    <value name="B">
                      <block type="variables_get" id="R6yW)hXeia,@4_$Bn;!1">
                        <field name="VAR">previousTime</field>
                      </block>
                    </value>
                  </block>
                </value>
                <value name="B">
                  <block type="variables_get" id="0zDVt)~Q1^CCw=EQGBWA">
                    <field name="VAR">interval</field>
                  </block>
                </value>
              </block>
            </value>
            <statement name="DO0">
              <block type="variables_set" id="Rs(aL4+Tmd8aJGMx{X|J">
                <field name="VAR">previousTime</field>
                <value name="VALUE">
                  <block type="variables_get" id="dW+SEuruo_ql[Ya1A[6]">
                    <field name="VAR">currentTime</field>
                  </block>
                </value>
                <next>
                  <block type="inout_digital_write" id="dQVFOB1nwgt|0!q4UMk2">
                    <value name="PIN">
                      <block type="variables_get" id="/e,.eeGmP2;bJ4fhj(cF">
                        <field name="VAR">led</field>
                      </block>
                    </value>
                    <value name="STAT">
                      <shadow type="inout_onoff" id="g$#0^D^n1W+(v0JK^::K">
                        <field name="BOOL">HIGH</field>
                      </shadow>
                    </value>
                    <next>
                      <block type="math_change" id="2j5W8?cV?O??0f-+hT7K">
                        <field name="VAR">led</field>
                        <value name="DELTA">
                          <shadow type="math_number" id="RQDyh{cmtWA2i]_ZsH)A">
                            <field name="NUM">1</field>
                          </shadow>
                        </value>
                        <next>
                          <block type="controls_if" id="GEj=c(}UFig:V:WCCeF;">
                            <value name="IF0">
                              <block type="logic_compare" id="s?SnKXdj:l?l:@EjLRhF">
                                <field name="OP">EQ</field>
                                <value name="A">
                                  <block type="variables_get" id="An#mOPIpEii,X8q3Wg@w">
                                    <field name="VAR">led</field>
                                  </block>
                                </value>
                                <value name="B">
                                  <block type="math_number" id="IOskA?tEk2Dc%el;VwaO">
                                    <field name="NUM">7</field>
                                  </block>
                                </value>
                              </block>
                            </value>
                          </block>
                        </next>
                      </block>
                    </next>
                  </block>
                </next>
              </block>
            </statement>
            <next>
              <block type="variables_set" id="P;|RZgd;vc[~0V6W]3(*">
                <field name="VAR">switchState</field>
                <value name="VALUE">
                  <block type="inout_digital_read_validator" id="LcycKi2uZ=~./=H4!y~~">
                    <field name="PIN">8</field>
                  </block>
                </value>
                <next>
                  <block type="controls_if" id="-|kxpyB]TOiD+x=zmA@!">
                    <value name="IF0">
                      <block type="logic_compare" id="T#M9x:p_DA(4~G5yg*sE">
                        <field name="OP">NEQ</field>
                        <value name="A">
                          <block type="variables_get" id="j%uc-V+Q:7YN0C@UKlVx">
                            <field name="VAR">switchState</field>
                          </block>
                        </value>
                        <value name="B">
                          <block type="variables_get" id="h*i2%?33P5a~LhV,(GA,">
                            <field name="VAR">prevSwitchState</field>
                          </block>
                        </value>
                      </block>
                    </value>
                    <statement name="DO0">
                      <block type="controls_for" id="2{j*.:={n15}(E3*af1c">
                        <field name="VAR">x</field>
                        <value name="FROM">
                          <shadow type="math_number" id="vBD.rC4+KZl]x8n(OV_j">
                            <field name="NUM">2</field>
                          </shadow>
                        </value>
                        <value name="TO">
                          <shadow type="math_number" id="%#:6m~|r35O:-+@4n~eq">
                            <field name="NUM">7</field>
                          </shadow>
                        </value>
                        <value name="BY">
                          <shadow type="math_number" id="%H^@07D@zLbGab6VIWH?">
                            <field name="NUM">1</field>
                          </shadow>
                        </value>
                        <statement name="DO">
                          <block type="inout_digital_write" id="u2g(ykW7^p53Mw,_,D=/">
                            <value name="PIN">
                              <block type="variables_get" id="xH]$Pwy9mMM2oA!z[(|/">
                                <field name="VAR">x</field>
                              </block>
                            </value>
                            <value name="STAT">
                              <shadow type="inout_onoff" id="PYCDz/5e9.p+?Aj}l!B4">
                                <field name="BOOL">LOW</field>
                              </shadow>
                            </value>
                          </block>
                        </statement>
                        <next>
                          <block type="variables_set" id="+s)y2_TqD=@|R{5}ustc">
                            <field name="VAR">led</field>
                            <value name="VALUE">
                              <block type="math_number" id="yI]pwj@t}1ICL^[([G~e">
                                <field name="NUM">2</field>
                              </block>
                            </value>
                            <next>
                              <block type="variables_set" id="i(9sR{L}s9$ne8U1#,6n">
                                <field name="VAR">previousTime</field>
                                <value name="VALUE">
                                  <block type="variables_get" id="8=AVi64EX%e`ce1[IBEQ">
                                    <field name="VAR">currentTime</field>
                                  </block>
                                </value>
                              </block>
                            </next>
                          </block>
                        </next>
                      </block>
                    </statement>
                    <next>
                      <block type="variables_set" id="Sfg;=aYI@d_kSvKI3$1m">
                        <field name="VAR">prevSwitchState</field>
                        <value name="VALUE">
                          <block type="variables_get" id="YoRW~@N?)h2ocdUVG]{Q">
                            <field name="VAR">switchState</field>
                          </block>
                        </value>
                      </block>
                    </next>
                  </block>
                </next>
              </block>
            </next>
          </block>
        </next>
      </block>
    </statement>
  </block>
</xml>