<xml xmlns="http://www.w3.org/1999/xhtml">
  <toolboxcategories>CAT_LOGIC,CAT_LOOPS,CAT_MATH,CAT_ARRAY,CAT_TEXT,CAT_VARIABLES,CAT_FUNCTIONS,CAT_ARDUINO,CAT_MBOT_1,CAT_MBOT_2,CAT_MBOT_3,CAT_MBOT_4</toolboxcategories>
  <toolbox>toolbox_arduino_all</toolbox>
  <block type="base_setup" id="9Ooh)X$;)a`3e[R~Fd4F" x="13" y="238">
    <statement name="DO">
      <block type="serial_init" id="b8fi+TrUChK70:j`f~$n">
        <field name="SPEED">115200</field>
      </block>
    </statement>
  </block>
  <block type="base_loop" id="%XyR0}?wTX!wt%vdNv8," x="13" y="362">
    <statement name="LOOP">
      <block type="variables_set" id="qtRf3b1N|GsI?P.N-Bra">
        <field name="VAR">distance</field>
        <value name="VALUE">
          <block type="mbot_ultrasonic_ranger" id="nG|v/^u`g8sM(U|=yv8-">
            <field name="PIN">PORT_3</field>
            <field name="UNIT">cm</field>
          </block>
        </value>
        <next>
          <block type="controls_if" id="%KjTA.kdd2|kb5MN*P$p">
            <mutation elseif="2" else="1"></mutation>
            <value name="IF0">
              <block type="logic_compare" id="gC+`8(,MayB3N-L{RnKU">
                <field name="OP">LT</field>
                <value name="A">
                  <block type="variables_get" id=".vq!Cs1pMNnSwRiEDI$|">
                    <field name="VAR">distance</field>
                  </block>
                </value>
                <value name="B">
                  <block type="math_number" id="J3rm`ebqfA9;|~]XjQ/;">
                    <field name="NUM">5</field>
                  </block>
                </value>
              </block>
            </value>
            <statement name="DO0">
              <block type="mbot_mot_left" id="G_aFCi-4A%63#f!.@4bJ">
                <field name="STAT">LOW</field>
                <value name="PWM">
                  <shadow type="math_number" id="g6gb6n3_st!jUxXURed*">
                    <field name="NUM">50</field>
                  </shadow>
                </value>
                <next>
                  <block type="mbot_mot_right" id="((1f`ZMa|tQ36Ig:,eyr">
                    <field name="STAT">LOW</field>
                    <value name="PWM">
                      <shadow type="math_number" id="F#^2D0jC~d#P2(:~6}im">
                        <field name="NUM">127</field>
                      </shadow>
                    </value>
                    <next>
                      <block type="mbot_rgb_onboard" id="K}I||)`doDGV8hh{.~]g">
                        <field name="Pixel_number">0</field>
                        <value name="Red">
                          <shadow type="math_number" id=")K@g}UqEHV0ScX1ICDtq">
                            <field name="NUM">127</field>
                          </shadow>
                        </value>
                        <value name="Green">
                          <shadow type="math_number" id="_#,cFBF/fT^06!VM`xGE">
                            <field name="NUM">0</field>
                          </shadow>
                        </value>
                        <value name="Blue">
                          <shadow type="math_number" id="U$8rQo;(sB*wm$^O1SqM">
                            <field name="NUM">0</field>
                          </shadow>
                        </value>
                      </block>
                    </next>
                  </block>
                </next>
              </block>
            </statement>
            <value name="IF1">
              <block type="logic_compare" id=":iB,U+aryw%REtN$d9?$">
                <field name="OP">LT</field>
                <value name="A">
                  <block type="variables_get" id="yePuS7xDS+l#s[Y1$M7L">
                    <field name="VAR">distance</field>
                  </block>
                </value>
                <value name="B">
                  <block type="math_number" id="C{Yo(Foi#b4x.FvU,HTi">
                    <field name="NUM">10</field>
                  </block>
                </value>
              </block>
            </value>
            <statement name="DO1">
              <block type="mbot_mot_left" id="4)%Kwf_mtC9/NhH)pKO4">
                <field name="STAT">HIGH</field>
                <value name="PWM">
                  <shadow type="math_number" id="%CD7FgL.jRXkh.Eo;2eR">
                    <field name="NUM">127</field>
                  </shadow>
                </value>
                <next>
                  <block type="mbot_mot_right" id="3+fr|)pU%})|y31d$hXl">
                    <field name="STAT">LOW</field>
                    <value name="PWM">
                      <shadow type="math_number" id="ZU%.4S|~Vl$+4LYLo-3V">
                        <field name="NUM">127</field>
                      </shadow>
                    </value>
                    <next>
                      <block type="mbot_rgb_onboard" id="aF?71-I8SE!(J=oK[|3n">
                        <field name="Pixel_number">0</field>
                        <value name="Red">
                          <shadow type="math_number" id="H07~|k2}p1f1yKF1I~la">
                            <field name="NUM">127</field>
                          </shadow>
                        </value>
                        <value name="Green">
                          <shadow type="math_number" id="ND}.p,TSaX:r,[~kYw~!">
                            <field name="NUM">127</field>
                          </shadow>
                        </value>
                        <value name="Blue">
                          <shadow type="math_number" id="qLvn_qexdXzqVmif.?[+">
                            <field name="NUM">0</field>
                          </shadow>
                        </value>
                      </block>
                    </next>
                  </block>
                </next>
              </block>
            </statement>
            <value name="IF2">
              <block type="logic_compare" id=".nVs7H.-V*c?.I:]ST$V">
                <field name="OP">LT</field>
                <value name="A">
                  <block type="variables_get" id="0SXU4q0%fLdU0Z^8Ln5!">
                    <field name="VAR">distance</field>
                  </block>
                </value>
                <value name="B">
                  <block type="math_number" id="]}{%!;-o0ayv|%eZi)#t">
                    <field name="NUM">20</field>
                  </block>
                </value>
              </block>
            </value>
            <statement name="DO2">
              <block type="mbot_mot_left" id=";dZG]u(sH~0q=Bc!xZ05">
                <field name="STAT">HIGH</field>
                <value name="PWM">
                  <shadow type="math_number" id="cf3[@xwo=DAzJr}_U7^F">
                    <field name="NUM">130</field>
                  </shadow>
                </value>
                <next>
                  <block type="mbot_mot_right" id="}e@w@?g*I;kcY5T9t#zq">
                    <field name="STAT">HIGH</field>
                    <value name="PWM">
                      <shadow type="math_number" id="1?rkgyrrHY1FE};Q0lWn">
                        <field name="NUM">50</field>
                      </shadow>
                    </value>
                    <next>
                      <block type="mbot_rgb_onboard" id="uaxL/a*QLjrVAJs32Sk@">
                        <field name="Pixel_number">0</field>
                        <value name="Red">
                          <shadow type="math_number" id="SVV/]JUB8t4ZE9-|XEP{">
                            <field name="NUM">0</field>
                          </shadow>
                        </value>
                        <value name="Green">
                          <shadow type="math_number" id="j}MlxxzfH.fDk,+BFGK_">
                            <field name="NUM">0</field>
                          </shadow>
                        </value>
                        <value name="Blue">
                          <shadow type="math_number" id="*,vs!^nk!1V8K{GYMG{b">
                            <field name="NUM">127</field>
                          </shadow>
                        </value>
                      </block>
                    </next>
                  </block>
                </next>
              </block>
            </statement>
            <statement name="ELSE">
              <block type="mbot_mot_left" id="7bYzX!/{,6zDg|n/s|rx">
                <field name="STAT">HIGH</field>
                <value name="PWM">
                  <shadow type="math_number" id="6@f^suoAy94nGk;dwLV:">
                    <field name="NUM">127</field>
                  </shadow>
                </value>
                <next>
                  <block type="mbot_mot_right" id="nMv$Tae~[aR9]ui,@e0G">
                    <field name="STAT">HIGH</field>
                    <value name="PWM">
                      <shadow type="math_number" id="s+0[|%9YALIJ8b.eo#wX">
                        <field name="NUM">127</field>
                      </shadow>
                    </value>
                    <next>
                      <block type="mbot_rgb_onboard" id="R,)Dol,Q0RkT||*[moY1">
                        <field name="Pixel_number">0</field>
                        <value name="Red">
                          <shadow type="math_number" id=":xxatuX9iD1!cPjNk*4E">
                            <field name="NUM">127</field>
                          </shadow>
                        </value>
                        <value name="Green">
                          <shadow type="math_number" id="~_z`rx(`F!DPHrk%s%Z{">
                            <field name="NUM">127</field>
                          </shadow>
                        </value>
                        <value name="Blue">
                          <shadow type="math_number" id="4fodKN6MsZ1}w;%e!0Ob">
                            <field name="NUM">127</field>
                          </shadow>
                        </value>
                      </block>
                    </next>
                  </block>
                </next>
              </block>
            </statement>
            <next>
              <block type="serial_print_var" id="/0x,_Xkc06Ln{wyC3w|y">
                <value name="Text">
                  <shadow type="text" id="u?@c;1[]WVwxqum_N1wT">
                    <field name="TEXT">Distance : </field>
                  </shadow>
                </value>
                <value name="N">
                  <shadow type="math_number" id="Ab+yhUzpNqtr+fb*D;Qk">
                    <field name="NUM">0</field>
                  </shadow>
                  <block type="variables_get" id=",]iaO5P{q;/nzx|~vFRL">
                    <field name="VAR">distance</field>
                  </block>
                </value>
                <value name="NEW_LINE">
                  <shadow type="logic_boolean" id="v[gM}@jvq=Z?D1CVa!w#">
                    <field name="BOOL">TRUE</field>
                  </shadow>
                </value>
              </block>
            </next>
          </block>
        </next>
      </block>
    </statement>
  </block>
</xml>