<xml xmlns="http://www.w3.org/1999/xhtml">
  <toolboxcategories>CAT_LOGIC,CAT_LOOPS,CAT_MATH,CAT_ARRAY,CAT_TEXT,CAT_VARIABLES,CAT_FUNCTIONS,CAT_ARDUINO,CAT_LCD_SCREEN,CAT_BLUETOOTH_MISC,CAT_ROBOT_MISC,CAT_APDS_9960_RGB_Gesture,CAT_OLED_U8G,CAT_LED_RGB_CHAIN,CAT_MATRIX_LED_RGB,CAT_DFRobot,CAT_ICN,CAT_ROBUNO,CAT_FISCHERTECHNIK,CAT_FLYCAMONE,CAT_MHK,CAT_BQ,CAT_JEULIN,CAT_GROVE,CAT_MULTIFUNCTION,CAT_TECHNOZONE,CAT_TECHNOZONE_ROBOT,CAT_ZUMO,CAT_ROBOTS_MOTORS,CAT_MBOT_1,CAT_MBOT_2,CAT_MBOT_3,CAT_MBOT_4,CAT_ARDUINO_SERVO,CAT_STEPPER,CAT_ESUS,CAT_BT_ELECTRONICS,CAT_jfblocks,CAT_COLLYC,CAT_SHARP</toolboxcategories>
  <toolbox>toolbox_arduino_all</toolbox>
  <block type="soft_init" id="BpklyBpX1CrJ|bO?h18M" x="38" y="38">
    <field name="SOFTSERIAL_NAME">COMserie</field>
    <field name="SPEED">9600</field>
    <value name="PIN1">
      <block type="math_number" id="C^@8hX.JkNSZ4INL]-az">
        <field name="NUM">10</field>
      </block>
    </value>
    <value name="PIN2">
      <block type="math_number" id="M:le0J]xcG:m{u2^lvMy">
        <field name="NUM">11</field>
      </block>
    </value>
    <next>
      <block type="controls_if" id="`D9u7n?9Ttvj1Ozqm|4Q">
        <value name="IF0">
          <block type="soft_available" id="MwqxJA_,DxQW]p6+0zFw">
            <field name="SOFTSERIAL_NAME">COMserie</field>
          </block>
        </value>
        <statement name="DO0">
          <block type="variables_set" id=")](0YHWd(;b8(|EB1,VR">
            <field name="VAR">bluetooth</field>
            <value name="VALUE">
              <block type="variables_set_type" id="Zxs_ZLwSod_GF[G1_*L5">
                <field name="VARIABLE_SETTYPE_TYPE">NUMBER</field>
                <value name="VARIABLE_SETTYPE_INPUT">
                  <block type="soft_read" id="zhV3cI`Ve16#1IXg0l7.">
                    <field name="SOFTSERIAL_NAME">COMserie</field>
                  </block>
                </value>
              </block>
            </value>
            <next>
              <block type="controls_if" id="B{dhWoMH(1-F^g`sIlb+">
                <value name="IF0">
                  <block type="logic_compare" id="c]Zk=U20MIJ^{p6iBh,J">
                    <field name="OP">EQ</field>
                    <value name="A">
                      <block type="variables_get" id="yJyF8WgL_|]e!{jHnl}C">
                        <field name="VAR">bluetooth</field>
                      </block>
                    </value>
                    <value name="B">
                      <block type="math_number" id="OBD)Fo198.|/;bi4M+Yr">
                        <field name="NUM">1</field>
                      </block>
                    </value>
                  </block>
                </value>
                <statement name="DO0">
                  <block type="bq_led" id="cvV{P%CRieWux8R;C1a`">
                    <field name="STAT">HIGH</field>
                    <value name="PIN">
                      <shadow type="math_number">
                        <field name="NUM">1</field>
                      </shadow>
                      <block type="math_number" id="U}.i@FJwm8HA6!]_Wq^X">
                        <field name="NUM">8</field>
                      </block>
                    </value>
                  </block>
                </statement>
                <next>
                  <block type="controls_if" id="54F0W0{hA54mn5*P#ofa">
                    <value name="IF0">
                      <block type="logic_compare" id="1pZ@ttV+.^x,dgd*r+^G">
                        <field name="OP">EQ</field>
                        <value name="A">
                          <block type="variables_get" id="[(Nuk,PoO+Lkft-T@h`c">
                            <field name="VAR">bluetooth</field>
                          </block>
                        </value>
                        <value name="B">
                          <block type="math_number" id=",l4.iyJkZMgMv7QZ6bXW">
                            <field name="NUM">0</field>
                          </block>
                        </value>
                      </block>
                    </value>
                    <statement name="DO0">
                      <block type="bq_led" id="Es=T8CoB(/T0D2y8GKM%">
                        <field name="STAT">LOW</field>
                        <value name="PIN">
                          <shadow type="math_number">
                            <field name="NUM">1</field>
                          </shadow>
                          <block type="math_number" id="VHOsEl}OKj^4w,yga3BY">
                            <field name="NUM">8</field>
                          </block>
                        </value>
                      </block>
                    </statement>
                  </block>
                </next>
              </block>
            </next>
          </block>
        </statement>
      </block>
    </next>
  </block>
</xml>