<xml xmlns="http://www.w3.org/1999/xhtml">
  <toolboxcategories>CAT_LOGIC,CAT_LOOPS,CAT_MATH,CAT_ARRAY,CAT_TEXT,CAT_VARIABLES,CAT_FUNCTIONS,CAT_ARDUINO,CAT_OLED_U8G,CAT_GROVE,CAT_MULTIFUNCTION,CAT_STEPPER,CAT_ARDUINO_SERVO,CAT_ADXL362,CAT_OTTO</toolboxcategories>
  <toolbox>toolbox_arduino_all</toolbox>
  <block type="base_loop" id="bG75A}5.=v!c#-@1t_DP" x="137" y="38">
    <statement name="LOOP">
      <block type="otto9_home" id="M4pA/.uD][ee17Rq~G7B">
        <next>
          <block type="otto9_move" id="E}/H}0xAvJnp*Myl{w?/">
            <field name="otto_move_sens">FORWARD</field>
            <field name="otto_move_speed">1000</field>
            <next>
              <block type="otto9_move" id="}+bIca~Rwk0jF}dgzR^)">
                <field name="otto_move_sens">BACKWARD</field>
                <field name="otto_move_speed">250</field>
                <next>
                  <block type="otto9_move" id="-ph%#~-zM$ni]^`d5T;%">
                    <field name="otto_move_sens">LEFT</field>
                    <field name="otto_move_speed">750</field>
                    <next>
                      <block type="otto9_move" id="#37m*ZEOLD0E_Yj)[~$]">
                        <field name="otto_move_sens">RIGHT</field>
                        <field name="otto_move_speed">500</field>
                        <next>
                          <block type="otto9_move" id="@kL%|U@qRzX{GSg[d,h_">
                            <field name="otto_move_sens">BENDLEFT</field>
                            <field name="otto_move_speed">1000</field>
                            <next>
                              <block type="otto9_move" id="FN=DaqPq,~~;R~dj7iKX">
                                <field name="otto_move_sens">BENDRIGHT</field>
                                <field name="otto_move_speed">2000</field>
                                <next>
                                  <block type="otto9_move" id="]z!!jB,Vo%ywYu8XrYsY">
                                    <field name="otto_move_sens">SHAKELEFT</field>
                                    <field name="otto_move_speed">750</field>
                                    <next>
                                      <block type="otto9_move" id="DG%Vq`l*DhF(NP$732,z">
                                        <field name="otto_move_sens">SHAKERIGHT</field>
                                        <field name="otto_move_speed">1000</field>
                                      </block>
                                    </next>
                                  </block>
                                </next>
                              </block>
                            </next>
                          </block>
                        </next>
                      </block>
                    </next>
                  </block>
                </next>
              </block>
            </next>
          </block>
        </next>
      </block>
    </statement>
  </block>
</xml>