<xml xmlns="http://www.w3.org/1999/xhtml">
  <toolboxcategories>CAT_LOGIC,CAT_LOOPS,CAT_MATH,CAT_ARRAY,CAT_TEXT,CAT_VARIABLES,CAT_FUNCTIONS,CAT_ARDUINO,CAT_OLED_U8G,CAT_GROVE,CAT_MULTIFUNCTION,CAT_STEPPER,CAT_ARDUINO_SERVO,CAT_ADXL362,CAT_OTTO</toolboxcategories>
  <toolbox>toolbox_arduino_all</toolbox>
  <block type="base_loop" id="bG75A}5.=v!c#-@1t_DP" x="138" y="-112">
    <statement name="LOOP">
      <block type="otto9_home" id="T|tV@Triw}$uDVfO$bU#">
        <next>
          <block type="otto9_gesture" id="/VS4;k~mUM6U|^0Tu%q)">
            <field name="otto_gesture">OttoHappy</field>
            <next>
              <block type="otto9_gesture" id="wRn{RCof.v)lf_=$u0/A">
                <field name="otto_gesture">OttoSuperHappy</field>
                <next>
                  <block type="otto9_gesture" id=";Xt0{@TkjmiR4}w{rOmM">
                    <field name="otto_gesture">OttoSad</field>
                    <next>
                      <block type="otto9_gesture" id="-WlrD}VK.w~;Q5Isc[.o">
                        <field name="otto_gesture">OttoSleeping</field>
                        <next>
                          <block type="otto9_gesture" id="ssdm|8w-W%kYMp/nX:TM">
                            <field name="otto_gesture">OttoFart</field>
                            <next>
                              <block type="otto9_gesture" id="!%d.5+_,G0.[``rbxH_*">
                                <field name="otto_gesture">OttoConfused</field>
                                <next>
                                  <block type="otto9_gesture" id="xK93_A}5!yt5C3PtGR,Y">
                                    <field name="otto_gesture">OttoFretful</field>
                                    <next>
                                      <block type="otto9_gesture" id="Qy5bwI@-FqSvKYx/zyzS">
                                        <field name="otto_gesture">OttoLove</field>
                                        <next>
                                          <block type="otto9_gesture" id="kClPo=vyYR7C-2aI+Foq">
                                            <field name="otto_gesture">OttoLove</field>
                                            <next>
                                              <block type="otto9_gesture" id="5^IkJ6c|?nIn`6;H70+;">
                                                <field name="otto_gesture">OttoAngry</field>
                                                <next>
                                                  <block type="otto9_gesture" id="nfN#V|mtOH?zE,J627O:">
                                                    <field name="otto_gesture">OttoMagic</field>
                                                    <next>
                                                      <block type="otto9_gesture" id="RR=K_L3]rNF%vG8VzdT9">
                                                        <field name="otto_gesture">OttoWave</field>
                                                        <next>
                                                          <block type="otto9_gesture" id="Q,{!|(c!V=8H[1Q99Jwp">
                                                            <field name="otto_gesture">OttoVictory</field>
                                                            <next>
                                                              <block type="otto9_gesture" id="8xMBB;?d9V?X%9_V,72N">
                                                                <field name="otto_gesture">OttoFail</field>
                                                              </block>
                                                            </next>
                                                          </block>
                                                        </next>
                                                      </block>
                                                    </next>
                                                  </block>
                                                </next>
                                              </block>
                                            </next>
                                          </block>
                                        </next>
                                      </block>
                                    </next>
                                  </block>
                                </next>
                              </block>
                            </next>
                          </block>
                        </next>
                      </block>
                    </next>
                  </block>
                </next>
              </block>
            </next>
          </block>
        </next>
      </block>
    </statement>
  </block>
</xml>