<xml xmlns="http://www.w3.org/1999/xhtml">
  <toolbox>toolbox_arduino_all</toolbox>
  <block type="base_begin" id="KbMI[dZm~{JA?zwsFSwK" x="394" y="41">
    <next>
      <block type="moteur_dc" id="N_5;2}hAReQH-2Ciyw2g">
        <field name="MOTEUR">6</field>
        <field name="ETAT">HIGH</field>
        <value name="Vitesse">
          <block type="math_number" id="?RNkEXS64azmt1r,y%_U">
            <field name="NUM">90</field>
          </block>
        </value>
        <next>
          <block type="base_delay" id=":f]QDZCG?zFIb@$Mc|2]">
            <field name="unite">s</field>
            <value name="DELAY_TIME">
              <block type="math_number" id="PAmDfgzg]`XVu|@HL0i.">
                <field name="NUM">3</field>
              </block>
            </value>
            <next>
              <block type="moteur_dc_stop" id="y.!Nn+D*mu=4fMIi[KUc">
                <field name="MOTEUR">6</field>
                <next>
                  <block type="base_end" id="heh)$#wt38g_;T^#hvUp"></block>
                </next>
              </block>
            </next>
          </block>
        </next>
      </block>
    </next>
  </block>
</xml>