[
{"name":"afro string","md5":"3477ccfde26047eeb93ff43a21ac7d3d.wav","type":"sound","tags":["instruments"],"info":[0.89]},
{"name":"alien creak1","md5":"0377a7476136e5e8c780c64a4828922d.wav","type":"sound","tags":["electronic"],"info":[0.73]},
{"name":"alien creak2","md5":"21f82b7f1a83c501539c5031aea4fa8c.wav","type":"sound","tags":["electronic"],"info":[0.753]},
{"name":"bass beatbox", "md5": "28153621d293c86da0b246d314458faf.wav", "type": "sound", "tags": ["beatbox", "vocals", "human"], "info": [0.305]},
{"name":"beat box1","md5":"663270af0235bf14c890ba184631675f.wav","type":"sound","tags":["vocals"],"info":[0.52]},
{"name":"beat box2","md5":"b9b8073f6aa9a60085ad11b0341a4af2.wav","type":"sound","tags":["vocals"],"info":[0.52]},
{"name":"bell cymbal", "md5": "efddec047de95492f775a1b5b2e8d19e.wav", "type": "sound", "tags": ["percussion", "instruments"], "info": [0.877]},
{"name":"bell toll","md5":"25d61e79cbeba4041eebeaebd7bf9598.wav","type":"sound","tags":["effects"],"info":[4.097]},
{"name":"bird","md5":"18bd4b634a3f992a16b30344c7d810e0.wav","type":"sound","tags":["animal"],"info":[0.348]},
{"name":"birthday bells", "md5": "89691587a169d935a58c48c3d4e78534.wav", "type": "sound", "tags": ["music-loops"], "info": [7.32]},
{"name":"birthday", "md5": "e8df0951694293fe17850260b4d12734.wav", "type": "sound", "tags": ["music-loops"], "info": [7.576]},
{"name":"boing", "md5": "53a3c2e27d1fb5fdb14aaf0cb41e7889.wav", "type": "sound", "tags": ["effects"], "info": [0.309]},
{"name":"bubbles","md5":"78b0be9c9c2f664158b886bc7e794095.wav","type":"sound","tags":["effects"],"info":[4.087]},
{"name":"buzz whir", "md5": "d4f76ded6bccd765958d15b63804de55.wav", "type": "sound", "tags": ["electronic"], "info": [0.82]},
{"name":"car passing","md5":"c21a5ad00b40b5ce923e56c905c94a9f.wav","type":"sound","tags":["effects"],"info":[7.709]},
{"name":"cave","md5":"881f1bf5f301a36efcce4204a44af9ab.wav","type":"sound","tags":["music-loops"],"info":[7.4]},
{"name":"chee chee", "md5": "25f4826cdd61e0a1c623ec2324c16ca0.wav", "type": "sound", "tags": ["animal"], "info": [1.567]},
{"name":"cheer", "md5": "4b36eebf22be4667fc2f15b78c805b4c.wav", "type": "sound", "tags": ["human"], "info": [2.836]},
{"name":"chomp", "md5": "0b1e3033140d094563248e61de4039e5.wav", "type": "sound", "tags": ["animal", "effects"], "info": [0.264]},
{"name":"chord","md5":"7ffe91cce06c5415df53610d173336e7.wav","type":"sound","tags":["instruments"],"info":[1.869]},
{"name":"clap beatbox", "md5": "abc70bb390f8e55f22f32265500d814a.wav", "type": "sound", "tags": ["beatbox", "vocals", "human"], "info": [0.192]},
{"name":"clapping", "md5": "684ffae7bc3a65e35e9f0aaf7a579dd5.wav", "type": "sound", "tags": ["human"], "info": [3.817]},
{"name":"computer beeps1","md5":"1da43f6d52d0615da8a250e28100a80d.wav","type":"sound","tags":["electronic"],"info":[1.741]},
{"name":"computer beeps2","md5":"28c76b6bebd04be1383fe9ba4933d263.wav","type":"sound","tags":["electronic"],"info":[0.865]},
{"name":"cough-female","md5":"98ec3e1eeb7893fca519aa52cc1ef3c1.wav","type":"sound","tags":["human"],"info":[0.682]},
{"name":"cough-male","md5":"467fe8ef3cab475af4b3088fd1261510.wav","type":"sound","tags":["human"],"info":[0.753]},
{"name":"crash beatbox", "md5": "725e29369e9138a43f11e0e5eb3eb562.wav", "type": "sound", "tags": ["vocals", "human"], "info": [1.219]},
{"name":"crash cymbal", "md5": "f2c47a46f614f467a7ac802ed9ec3d8e.wav", "type": "sound", "tags": ["percussion", "instruments"], "info": [1.144]},
{"name":"cricket","md5":"a2b3cac37065c109aac17ed46005445e.wav","type":"sound","tags":["animal"],"info":[0.167]},
{"name":"crickets","md5":"cae6206eb3c57bb8c4b3e2ca362dfa6d.wav","type":"sound","tags":["animal"],"info":[4.18]},
{"name":"cymbal crash","md5":"fa2c9da1d4fd70207ab749851853cb50.wav","type":"sound","tags":["percussion"],"info":[1.144]},
{"name":"cymbal echo", "md5": "bb243badd1201b2607bf2513df10cd97.wav", "type": "sound", "tags": ["music-loops", "percussion", "instruments"], "info": [2.01]},
{"name":"cymbal", "md5": "7c5405a9cf561f65a941aff10e661593.wav", "type": "sound", "tags": ["percussion"], "info": [1.094]},
{"name":"dance around", "md5": "8bcea76415eaf98ec1cbc3825845b934.wav", "type": "sound", "tags": ["music-loops"], "info": [15.589]},
{"name":"dance celebrate", "md5": "0edb8fb88af19e6e17d0f8cf64c1d136.wav", "type": "sound", "tags": ["music-loops"], "info": [8]},
{"name":"dance chill out", "md5": "b235da45581b1f212c9e9cce70d2a2dc.wav", "type": "sound", "tags": ["music-loops"], "info": [10.105]},
{"name":"dance funky", "md5": "a8383eaddc02d33714dc5832c02ccf13.wav", "type": "sound", "tags": ["music-loops"], "info": [5.053]},
{"name":"dance head nod", "md5": "65e8a47d55df3f4cb17722959f6220db.wav", "type": "sound", "tags": ["music-loops"], "info": [5.647]},
{"name":"dance magic", "md5": "042309f190183383c0b1c1fc3edc2e84.wav", "type": "sound", "tags": ["music-loops"], "info": [8.49]},
{"name":"dance slow mo", "md5": "329ee6f3418c0a569418e102e620edf0.wav", "type": "sound", "tags": ["music-loops"], "info": [20.211]},
{"name":"dance snare beat", "md5": "562587bdb75e3a8124cdaa46ba0f648b.wav", "type": "sound", "tags": ["music-loops"], "info": [8]},
{"name":"dance space", "md5": "e15333f5ffaf08e145ace1610fccd67d.wav", "type": "sound", "tags": ["music-loops"], "info": [4]},
{"name":"dog1","md5":"b15adefc3c12f758b6dc6a045362532f.wav","type":"sound","tags":["animal"],"info":[0.167]},
{"name":"dog2","md5":"cd8fa8390b0efdd281882533fbfcfcfb.wav","type":"sound","tags":["animal"],"info":[0.144]},
{"name":"door creak","md5":"56985da9c052a5e26007c99aa5a958f7.wav","type":"sound","tags":["effects"],"info":[4.923]},
{"name":"drip drop","md5":"3249e61fa135d0a1d68ff515ba3bd92f.wav","type":"sound","tags":["music-loops"],"info":[2.8]},
{"name":"drive around", "md5": "a3a85fb8564b0266f50a9c091087b7aa.wav", "type": "sound", "tags": ["music-loops", "percussion"], "info": [2]},
{"name":"drum bass1", "md5": "48328c874353617451e4c7902cc82817.wav", "type": "sound", "tags": ["percussion", "instruments"], "info": [0.296]},
{"name":"drum bass2", "md5": "711a1270d1cf2e5de9b145ee539213e4.wav", "type": "sound", "tags": ["percussion", "instruments"], "info": [0.172]},
{"name":"drum bass3", "md5": "c21704337b16359ea631b5f8eb48f765.wav", "type": "sound", "tags": ["percussion", "instruments"], "info": [0.389]},
{"name":"drum buzz","md5":"3650dc4262bcc5010c0d8fa8d7c670cf.wav","type":"sound","tags":["percussion"],"info":[0.521]},
{"name":"drum funky", "md5": "fb56022366d21b299cbc3fd5e16000c2.wav", "type": "sound", "tags": ["music-loops", "percussion", "instruments"], "info": [2.029]},
{"name":"drum jam", "md5": "8b5486ccc806e97e83049d25b071f7e4.wav", "type": "sound", "tags": ["music-loops", "percussion", "instruments"], "info": [2.009]},
{"name":"drum machine","md5":"f9d53d773b42e16df3dfca6174015592.wav","type":"sound","tags":["music-loops"],"info":[4.8]},
{"name":"drum satellite", "md5": "079067d7909f791b29f8be1c00fc2131.wav", "type": "sound", "tags": ["music-loops", "percussion", "instruments"], "info": [2]},
{"name":"drum set1","md5":"38a2bb8129bddb4e8eaa06781cfa3040.wav","type":"sound","tags":["music-loops"],"info":[2.1]},
{"name":"drum set2","md5":"738e871fda577295e8beb9021f670e28.wav","type":"sound","tags":["music-loops"],"info":[1.7]},
{"name":"drum","md5":"f730246174873cd4ae4127c83e475b50.wav","type":"sound","tags":["music-loops"],"info":[4.9]},
{"name":"duck","md5":"af5b039e1b05e0ccb12944f648a8884e.wav","type":"sound","tags":["animal"],"info":[0.263]},
{"name":"eggs","md5":"659de1f3826ece8dbeca948884835f14.wav","type":"sound","tags":["music-loops"],"info":[15.3]},
{"name":"elec piano A minor", "md5": "8fe470b5f2fb58364b153fe647adcbbf.wav", "type": "sound", "tags": ["instruments"], "info": [2]},
{"name":"elec piano C major", "md5": "228429930dfc60f48d75ce8e14291416.wav", "type": "sound", "tags": ["instruments"], "info": [2]},
{"name":"elec piano F major", "md5": "740098316ed06d9a64c14b93f65c5da5.wav", "type": "sound", "tags": ["instruments"], "info": [2]},
{"name":"elec piano G major", "md5": "5a5f5de80bcdf782250e889747b374bd.wav", "type": "sound", "tags": ["instruments"], "info": [1.991]},
{"name":"elec piano loop", "md5": "7b4822ccca655db47de0880bab0e7bd9.wav", "type": "sound", "tags": ["music-loop", "instruments"], "info": [1.988]},
{"name":"fairydust","md5":"b92de59d992a655c1b542223a784cda6.wav","type":"sound","tags":["effects","electronic"],"info":[0.51]},
{"name":"finger snap","md5":"99d02ffb3212d86b3e5b173b6f33f835.wav","type":"sound","tags":["human"],"info":[0.18]},
{"name":"flam snare", "md5": "3b6cce9f8c56c0537ca61eee3945cd1d.wav", "type": "sound", "tags": ["percussion", "instruments"], "info": [0.2]},
{"name":"footsteps-1","md5":"c893b0a9b3e2e0594f1f921a12aa66be.wav","type":"sound","tags":["human"],"info":[5.341]},
{"name":"garden","md5":"7c25f6d39011cd2ee5ffb1af539d9d0c.wav","type":"sound","tags":["music-loops"],"info":[16.8]},
{"name":"gong","md5":"9d30c38443691e9626d510546d98327c.wav","type":"sound","tags":["effects"],"info":[10.379]},
{"name":"goose","md5":"16a3b9d516e125cdb2ad74cd8d205d71.wav","type":"sound","tags":["animal"],"info":[0.372]},
{"name":"guitar chords1","md5":"2b1a5bc63580d8625cf24ff3d7622c0b.wav","type":"sound","tags":["music-loops"],"info":[5.6]},
{"name":"guitar chords2","md5":"e956f15da397a13fae0c90d9fe4571fb.wav","type":"sound","tags":["music-loops"],"info":[7.2]},
{"name":"guitar strum","md5":"29000fa713f70765147ee0551fa42d9e.wav","type":"sound","tags":["instruments"],"info":[2.287]},
{"name":"hand clap","md5": "9502142875e67f7b0292a117a27e9563.wav", "type": "sound", "tags": ["percussion", "effects"], "info": [0.112]},
{"name":"hey","md5": "ec7c272faa862c9f8f731792e686e3c9.wav", "type": "sound", "tags": ["percussion", "vocals"], "info": [0.246]},
{"name":"hi beatbox", "md5": "5a07847bf246c227204728b05a3fc8f3.wav", "type": "sound", "tags": ["percussion", "vocal", "human"], "info": [0.266]},
{"name":"hi na tabla", "md5": "35b42d98c43404a5b1b52fb232a62bd7.wav", "type": "sound", "tags": ["percussion", "instruments"], "info": [0.186]},
{"name":"hi tun tabla", "md5": "da734693dfa6a9a7eccdc7f9a0ca9840.wav", "type": "sound", "tags": ["percussion", "instruments"], "info": [0.846]},
{"name":"high conga", "md5": "16144544de90e98a92a265d4fc3241ea.wav", "type": "sound", "tags": ["percussion", "instruments"], "info": [0.372]},
{"name":"high hat","md5": "0d91b2759ac861d156235f5ecf8d3218.wav", "type": "sound", "tags": ["percussion"], "info": [0.125]},
{"name":"high tom", "md5": "d623f99b3c8d33932eb2c6c9cfd817c5.wav", "type": "sound", "tags": ["percussion", "instruments"], "info": [0.559]},
{"name":"hihat beatbox", "md5": "5a07847bf246c227204728b05a3fc8f3.wav", "type": "sound", "tags": ["percussion", "vocals", "human"], "info": [0.266]},
{"name":"hihat cymbal", "md5": "2d01f60d0f20ab39facbf707899c6b2a.wav", "type": "sound", "tags": ["percussion", "instruments"], "info": [0.125]},
{"name":"hip hop","md5":"7ed8ce1853bde6dcbc6f7f5a1c65ae47.wav","type":"sound","tags":["music-loops"],"info":[4.9]},
{"name":"horse gallop","md5":"058a34b5fb8b57178b5322d994b6b8c8.wav","type":"sound","tags":["animal"],"info":[3.477]},
{"name":"horse","md5":"45ffcf97ee2edca0199ff5aa71a5b72e.wav","type":"sound","tags":["animal"],"info":[1.312]},
{"name":"human beatbox1","md5":"37f37455c35fea71449926eb0bff05dd.wav","type":"sound","tags":["vocals", "music-loops"],"info":[4.7]},
{"name":"human beatbox2","md5":"f62e9f7deeb0e06268df6edffa14f5de.wav","type":"sound","tags":["vocals", "music-loops"],"info":[2.8]},
{"name":"jungle","md5":"b234a04cc3958437c43ed3d93f34a345.wav","type":"sound","tags":["music-loops"],"info":[3.4]},
{"name":"kick back", "md5": "9cd340d9d568b1479f731e69e103b3ce.wav", "type": "sound", "tags": ["music-loops", "percussion", "instruments"], "info": [2.029]},
{"name":"kick drum","md5": "711a1270d1cf2e5de9b145ee539213e4.wav", "type": "sound", "tags": ["percussion"], "info": [0.172]},
{"name":"large cowbell", "md5": "006316650ffc673dc02d36aa55881327.wav", "type": "sound", "tags": ["percussion", "instruments"], "info": [0.946]},
{"name":"laser1","md5":"46571f8ec0f2cc91666c80e312579082.wav","type":"sound","tags":["electronic"],"info":[0.047]},
{"name":"laser2","md5":"27654ed2e3224f0a3f77c244e4fae9aa.wav","type":"sound","tags":["electronic"],"info":[0.069]},
{"name":"laugh-female","md5":"1e8e7fb94103282d02a4bb597248c788.wav","type":"sound","tags":["human"],"info":[1.229]},
{"name":"laugh-male1","md5":"8b1e025f38b0635f7e34e9afcace1b5e.wav","type":"sound","tags":["human"],"info":[1.33]},
{"name":"laugh-male2","md5":"86dee6fa7cd73095ba17e4d666a27804.wav","type":"sound","tags":["human"],"info":[2.908]},
{"name":"lo geh tabla", "md5": "9205359ab69d042ed3da8a160a651690.wav", "type": "sound", "tags": ["percussion", "instruments"], "info": [1.396]},
{"name":"lo gliss tabla", "md5": "d7cd24689737569c93e7ea7344ba6b0e.wav", "type": "sound", "tags": ["percussion", "instruments"], "info": [0.318]},
{"name":"low conga", "md5": "0b6f94487cd8a1cf0bb77e15966656c3.wav", "type": "sound", "tags": ["percussion", "instruments"], "info": [0.38]},
{"name":"low tom", "md5": "1569bbbd8952b0575e5a5cb5aefb50ba.wav", "type": "sound", "tags": ["percussion", "instruments"], "info": [0.907]},
{"name":"medieval1","md5":"9329fef6a59c5406d70cbe5837976d6b.wav","type":"sound","tags":["music-loops"],"info":[9.7]},
{"name":"medieval2","md5":"7bc8c4a9d0525f04451356c6cc483dd7.wav","type":"sound","tags":["music-loops"],"info":[14.7]},
{"name":"meow","md5": "83c36d806dc92327b9e7049a565c6bff.wav", "type": "sound", "tags": ["animal"], "info": [0.848]},
{"name":"meow2","md5": "cf51a0c4088942d95bcc20af13202710.wav", "type": "sound", "tags": ["animal"], "info": [0.591]},
{"name":"motorcycle passing","md5":"b49ab3a926da46578396d1faffd24d3b.wav","type":"sound","tags":["effects"],"info":[7.802]},
{"name":"muted conga", "md5": "1d4abbe3c9bfe198a88badb10762de75.wav", "type": "sound", "tags": ["percussion", "instruments"], "info": [0.206]},
{"name":"odesong-b", "md5": "2c41921491b1da2bfa1ebcaba34265ca.wav", "type": "sound", "tags": ["music-loops"], "info": [9.64]},
{"name":"owl","md5":"e8b6d605f5a1bb36c29e4e21ef754209.wav","type":"sound","tags":["animal"],"info":[0.736]},
{"name":"party noise","md5":"8f5a994abfa814da72272e766772dbac.wav","type":"sound","tags":["human"],"info":[4.052]},
{"name":"plunge","md5":"c09455ee9da0e7eeead42d4e73c2555d.wav","type":"sound","tags":["effects"],"info":[2.032]},
{"name":"pop","md5": "83a9787d4cb6f3b7632b4ddfebf74367.wav", "type": "sound", "tags": ["effects"], "info": [0.023]},
{"name":"rattle","md5":"74f1c07e0bcd7811fd9d456a5f8667f8.wav","type":"sound","tags":["effects"],"info":[0.598]},
{"name":"ride cymbal","md5":"53badb02228d10494e0efdd1e839548d.wav","type":"sound","tags":["percussion"],"info":[0.739]},
{"name":"ripples","md5":"d3c95a4ba37dcf90c8a57e8b2fd1632d.wav","type":"sound","tags":["effects"],"info":[1.95]},
{"name":"roll cymbal", "md5": "da8355d753cd2a5ddd19cb2bb41c1547.wav", "type": "sound", "tags": ["percussion", "instruments"], "info": [1.199]},
{"name":"rooster","md5":"2e375acae2c7c0d655935a9de14b12f6.wav","type":"sound","tags":["animal"],"info":[1.552]},
{"name":"scratch beatbox", "md5": "859249563a7b1fc0f6e92e36d1db81c7.wav", "type": "sound", "tags": ["percussion", "vocals", "human"], "info": [0.524]},
{"name":"scratchy beat", "md5": "289dc558e076971e74dd1a0bd55719b1.wav", "type": "sound", "tags": ["music-loops", "percussion"], "info": [2]},
{"name":"scream-female","md5":"10420bb2f5a3ab440f3b10fc8ea2b08b.wav","type":"sound","tags":["human"],"info":[0.601]},
{"name":"scream-male1","md5":"e06e29398d770dae3cd57447439752ef.wav","type":"sound","tags":["human"],"info":[0.771]},
{"name":"screech","md5":"3676f478e5e3496034cf100d239160df.wav","type":"sound","tags":["electronic"],"info":[2.624]},
{"name":"shaker","md5":"714e598d28e493cc50babc17f2c4895d.wav","type":"sound","tags":["percussion"],"info":[1.683]},
{"name":"sidestick snare", "md5": "f6868ee5cf626fc4ef3ca1119dc95592.wav", "type": "sound", "tags": ["percussion", "instruments"], "info": [0.106]},
{"name":"singer1","md5":"92ee32e9be5ed7b69370fc38bb550597.wav","type":"sound","tags":["vocals"],"info":[2.145]},
{"name":"singer2","md5":"5d3d2865906889e866b3edf154e6cf5d.wav","type":"sound","tags":["vocals"],"info":[2.597]},
{"name":"small cowbell", "md5": "e29154f53f56f96f8a3292bdcddcec54.wav", "type": "sound", "tags": ["percussion", "instruments"], "info": [0.441]},
{"name":"snap", "md5": "c2ff5da4d9d85dee866615f672b749ce.wav", "type": "sound", "tags": ["percussion", "effects"], "info": [0.697]},
{"name":"snare beatbox", "md5": "c642c4c00135d890998f351faec55498.wav", "type": "sound", "tags": ["percussion", "vocals", "human"], "info": [0.255]},
{"name":"snare beatbox2", "md5": "7ede1382b578d8fc32850b48d082d914.wav", "type": "sound", "tags": ["percussion", "vocals", "human"], "info": [0.225]},
{"name":"snare drum", "md5": "c27fb569aba99c7203e954aecb1ed8e4.wav", "type": "sound", "tags": ["percussion"], "info": [0.125]},
{"name":"sneeze-female","md5":"31600c613823710b66a74f4dd54c4cdd.wav","type":"sound","tags":["human"],"info":[1.072]},
{"name":"sneeze-male","md5":"42b5a31628083f3089f494f2ba644660.wav","type":"sound","tags":["human"],"info":[0.69]},
{"name":"space ripple","md5":"ff8b8c3bf841a11fd5fe3afaa92be1b5.wav","type":"sound","tags":["effects","electronic"],"info":[3.732]},
{"name":"spiral","md5":"c987c4e2c85d1a034ef047c2611aff25.wav","type":"sound","tags":["electronic"],"info":[2.601]},
{"name":"splash cymbal", "md5": "9d63ed5be96c43b06492e8b4a9cea8d8.wav", "type": "sound", "tags": ["percussion", "instruments"], "info": [0.435]},
{"name":"spooky string","md5":"6648b690e6e22c7504db7746879d51b4.wav","type":"sound","tags":["instruments"],"info":[4.66]},
{"name":"squawk", "md5": "e140d7ff07de8fa35c3d1595bba835ac.wav", "type": "sound", "tags": ["animal"], "info": [0.372]}, 
{"name":"string accent","md5":"c1b5c86a10f43f87746b1c305d4fd8df.wav","type":"sound","tags":["instruments"],"info":[1.533]},
{"name":"string pluck","md5":"d658129427a96764819cb9bd52076860.wav","type":"sound","tags":["instruments"],"info":[0.451]},
{"name":"suspense","md5":"12f86e0188510860970e04df45370c1d.wav","type":"sound","tags":["instruments"],"info":[1.511]},
{"name":"tambura","md5":"c2109f07f83086ec863e70887ef55fb6.wav","type":"sound","tags":["instruments"],"info":[2.019]},
{"name":"tap conga", "md5": "fd9a67157f57f9cc6fe3cdce38a6d4a8.wav", "type": "sound", "tags": ["percussion", "instruments"], "info": [0.312]},  
{"name":"tap snare", "md5": "d55b3954d72c6275917f375e49b502f3.wav", "type": "sound", "tags": ["percussion", "instruments"], "info": [0.149]},
{"name":"techno","md5":"8700dac70c8e08f4a5d21411980304bb.wav","type":"sound","tags":["music-loops"],"info":[8.0]},
{"name":"techno2","md5":"693b428f3797561a11ad0ddbd897b5df.wav","type":"sound","tags":["music-loops"],"info":[14.8]},
{"name":"tom drum", "md5": "5a8b8678d37a860dd6c08082d5cda3c2.wav", "type": "sound", "tags": ["percussion"], "info": [1.624]},
{"name":"triumph","md5":"072f4d9a3dfd2a082d50ff90ac7dc8f2.wav","type":"sound","tags":["music-loops"],"info":[4.0]},
{"name":"trumpet1","md5":"851c9e2c38e5e71922231a8f64c37e70.wav","type":"sound","tags":["instruments"],"info":[2.34]},
{"name":"trumpet2","md5":"dd73f891deca0241b800ed203408b6f3.wav","type":"sound","tags":["instruments"],"info":[2.125]},
{"name":"wah beatbox", "md5": "9021b7bb06f2399f18e2db4fb87095dc.wav", "type": "sound", "tags": ["percussion", "vocals", "human"], "info": [0.3]},
{"name":"water drop", "md5": "aa488de9e2c871e9d4faecd246ed737a.wav", "type": "sound", "tags": ["effects"], "info": [0.369]},
{"name":"whoop","md5":"fbbbb76a2f53dae6ff1cf61b41f66038.wav","type":"sound","tags":["electronic"],"info":[4.934]},
{"name":"wolf howl","md5":"5e36d74bb16aa5085b901362788b0fbf.wav","type":"sound","tags":["animal"],"info":[3.901]},
{"name":"wub beatbox", "md5": "e1f32c057411da4237181ce72ae15d23.wav", "type": "sound", "tags": ["percussion", "vocals", "human"], "info": [0.335]},
{"name":"xylo1","md5":"6ac484e97c1c1fe1384642e26a125e70.wav","type":"sound","tags":["music-loops"],"info":[10.8]},
{"name":"xylo2","md5":"d38fc904a0acfc27854baf7335ed46f9.wav","type":"sound","tags":["music-loops"],"info":[11.2]},
{"name":"xylo3","md5":"786a7a66e96c801ca2efed59b20bf025.wav","type":"sound","tags":["music-loops"],"info":[9.5]},
{"name":"xylo4","md5":"b3ee7b6515eaf85aebab3c624c1423e9.wav","type":"sound","tags":["music-loops"],"info":[3.5]},
{"name":"ya","md5":"30987bbe464eb8db1e4c781dc238f81c.wav","type":"sound","tags":["vocals"],"info":[0.516]},
{"name":"zoop","md5":"01f5372ddac43001a2db4c82d71f37bb.wav","type":"sound","tags":["electronic", "effects"],"info":[0.251]},
{"name":"C bass", "md5": "c3566ec797b483acde28f790994cc409.wav", "type": "sound", "tags": ["musical-notes", "instruments"], "info": [2.023]},
{"name":"D bass", "md5": "5a3ae8a2665f50fdc38cc301fbac79ba.wav", "type": "sound", "tags": ["musical-notes", "instruments"], "info": [1.823]},
{"name":"E bass", "md5": "0657e39bae81a232b01a18f727d3b891.wav", "type": "sound", "tags": ["musical-notes", "instruments"], "info": [1.64]},
{"name":"F bass", "md5": "ea21bdae86f70d60b28f1dddcf50d104.wav", "type": "sound", "tags": ["musical-notes", "instruments"], "info": [1.559]},
{"name":"G bass", "md5": "05c192194e8f1944514dce3833e33439.wav", "type": "sound", "tags": ["musical-notes", "instruments"], "info": [1.405]},
{"name":"A bass", "md5": "c04ebf21e5e19342fa1535e4efcdb43b.wav", "type": "sound", "tags": ["musical-notes", "instruments"], "info": [1.277]},
{"name":"B bass", "md5": "e31dcaf7bcdf58ac2a26533c48936c45.wav", "type": "sound", "tags": ["musical-notes", "instruments"], "info": [1.17]},
{"name":"C2 bass", "md5": "667d6c527b79321d398e85b526f15b99.wav", "type": "sound", "tags": ["musical-notes", "instruments"], "info": [1.094]},
{"name":"C elec bass", "md5": "69eee3d038ea0f1c34ec9156a789236d.wav", "type": "sound", "tags": ["musical-notes", "instruments"], "info": [0.237]},
{"name":"D elec bass", "md5": "67a6d1aa68233a2fa641aee88c7f051f.wav", "type": "sound", "tags": ["musical-notes", "instruments"], "info": [0.253]},
{"name":"E elec bass", "md5": "0704b8ceabe54f1dcedda8c98f1119fd.wav", "type": "sound", "tags": ["musical-notes", "instruments"], "info": [0.258]},
{"name":"F elec bass", "md5": "45eedb4ce62a9cbbd2207824b94a4641.wav", "type": "sound", "tags": ["musical-notes", "instruments"], "info": [0.241]},
{"name":"G elec bass", "md5": "97b187d72219b994a6ef6a5a6b09605c.wav", "type": "sound", "tags": ["musical-notes", "instruments"], "info": [0.253]},
{"name":"A elec bass", "md5": "5cb46ddd903fc2c9976ff881df9273c9.wav", "type": "sound", "tags": ["musical-notes", "instruments"], "info": [0.268]},
{"name":"B elec bass", "md5": "5a0701d0a914223b5288300ac94e90e4.wav", "type": "sound", "tags": ["musical-notes", "instruments"], "info": [0.282]},
{"name":"C2 elec bass", "md5": "56fc995b8860e713c5948ecd1c2ae572.wav", "type": "sound", "tags": ["musical-notes", "instruments"], "info": [0.263]},
{"name":"C elec guitar", "md5": "0d340de02e14bebaf8dfa0e43eb3f1f9.wav", "type": "sound", "tags": ["musical-notes", "instruments"], "info": [2]},
{"name":"D elec guitar", "md5": "1b5de9866801eb2f9d4f57c7c3b473f5.wav", "type": "sound", "tags": ["musical-notes", "instruments"], "info": [2]},
{"name":"E elec guitar", "md5": "2e6a6ae3e0f72bf78c74def8130f459a.wav", "type": "sound", "tags": ["musical-notes", "instruments"], "info": [2]},
{"name":"F elec guitar", "md5": "5eb00f15f21f734986aa45156d44478d.wav", "type": "sound", "tags": ["musical-notes", "instruments"], "info": [2]},
{"name":"G elec guitar", "md5": "cd0d0e7dad415b2ffa2ba7a61860eaf8.wav", "type": "sound", "tags": ["musical-notes", "instruments"], "info": [2]},
{"name":"A elec guitar", "md5": "fa5f7fea601e9368dd68449d9a54c995.wav", "type": "sound", "tags": ["musical-notes", "instruments"], "info": [2]},
{"name":"B elec guitar", "md5": "81f142d0b00189703d7fe9b1f13f6f87.wav", "type": "sound", "tags": ["musical-notes", "instruments"], "info": [2]},
{"name":"C2 elec guitar", "md5": "3a8ed3129f22cba5b0810bc030d16b5f.wav", "type": "sound", "tags": ["musical-notes", "instruments"], "info": [2]},
{"name":"C elec piano", "md5": "8366ee963cc57ad24a8a35a26f722c2b.wav", "type": "sound", "tags": ["musical-notes", "instruments"], "info": [2]},
{"name":"D elec piano", "md5": "835f136ca8d346a17b4d4baf8405be37.wav", "type": "sound", "tags": ["musical-notes", "instruments"], "info": [2]},
{"name":"E elec piano", "md5": "ab3c198f8e36efff14f0a5bad35fa3cd.wav", "type": "sound", "tags": ["musical-notes", "instruments"], "info": [2]},
{"name":"F elec piano", "md5": "dc5e368fc0d0dad1da609bfc3e29aa15.wav", "type": "sound", "tags": ["musical-notes", "instruments"], "info": [2]},
{"name":"G elec piano", "md5": "39525f6545d62a95d05153f92d63301a.wav", "type": "sound", "tags": ["musical-notes", "instruments"], "info": [2]},
{"name":"A elec piano", "md5": "0cfa8e84d6a5cd63afa31d541625a9ef.wav", "type": "sound", "tags": ["musical-notes", "instruments"], "info": [2]},
{"name":"B elec piano", "md5": "9cc77167419f228503dd57fddaa5b2a6.wav", "type": "sound", "tags": ["musical-notes", "instruments"], "info": [2]},
{"name":"C2 elec piano", "md5": "366c7edbd4dd5cca68bf62902999bd66.wav", "type": "sound", "tags": ["musical-notes", "instruments"], "info": [2]},
{"name":"C guitar", "md5": "22baa07795a9a524614075cdea543793.wav", "type": "sound", "tags": ["musical-notes", "instruments"], "info": [2.035]},
{"name":"D guitar", "md5": "2dbcfae6a55738f94bbb40aa5fcbf7ce.wav", "type": "sound", "tags": ["musical-notes", "instruments"], "info": [1.865]},
{"name":"E guitar", "md5": "4b5d1da83e59bf35578324573c991666.wav", "type": "sound", "tags": ["musical-notes", "instruments"], "info": [1.741]},
{"name":"F guitar", "md5": "b51d086aeb1921ec405561df52ecbc50.wav", "type": "sound", "tags": ["musical-notes", "instruments"], "info": [1.652]},
{"name":"G guitar", "md5": "98a835713ecea2f3ef9f4f442d52ad20.wav", "type": "sound", "tags": ["musical-notes", "instruments"], "info": [1.524]},
{"name":"A guitar", "md5": "ee753e87d212d4b2fb650ca660f1e839.wav", "type": "sound", "tags": ["musical-notes", "instruments"], "info": [1.445]},
{"name":"B guitar", "md5": "2ae2d67de62df8ca54d638b4ad2466c3.wav", "type": "sound", "tags": ["musical-notes", "instruments"], "info": [1.338]},
{"name":"C2 guitar", "md5": "c8d2851bd99d8e0ce6c1f05e4acc7f34.wav", "type": "sound", "tags": ["musical-notes", "instruments"], "info": [1.257]},
{"name":"C piano", "md5": "d27ed8d953fe8f03c00f4d733d31d2cc.wav", "type": "sound", "tags": ["musical-notes", "instruments"], "info": [2]},
{"name":"D piano", "md5": "51381ac422605ee8c7d64cfcbfd75efc.wav", "type": "sound", "tags": ["musical-notes", "instruments"], "info": [2]},
{"name":"E piano", "md5": "c818fdfaf8a0efcb562e24e794700a57.wav", "type": "sound", "tags": ["musical-notes", "instruments"], "info": [2]},
{"name":"F piano", "md5": "cdab3cce84f74ecf53e3941c6a003b5e.wav", "type": "sound", "tags": ["musical-notes", "instruments"], "info": [2]},
{"name":"G piano", "md5": "42bb2ed28e7023e111b33220e1594a6f.wav", "type": "sound", "tags": ["musical-notes", "instruments"], "info": [2]},
{"name":"A piano", "md5": "0727959edb2ea0525feed9b0c816991c.wav", "type": "sound", "tags": ["musical-notes", "instruments"], "info": [2]},
{"name":"B piano", "md5": "86826c6022a46370ed1afae69f1ab1b9.wav", "type": "sound", "tags": ["musical-notes", "instruments"], "info": [2]},
{"name":"C2 piano", "md5": "75d7d2c9b5d40dd4e1cb268111abf1a2.wav", "type": "sound", "tags": ["musical-notes", "instruments"], "info": [2]},
{"name":"C sax", "md5": "4d2c939d6953b5f241a27a62cf72de64.wav", "type": "sound", "tags": ["musical-notes", "instruments"], "info": [0.43]},
{"name":"D sax", "md5": "39f41954a73c0e15d842061e1a4c5e1d.wav", "type": "sound", "tags": ["musical-notes", "instruments"], "info": [0.433]},
{"name":"E sax", "md5": "3568b7dfe173fab6877a9ff1dcbcf1aa.wav", "type": "sound", "tags": ["musical-notes", "instruments"], "info": [0.34]},
{"name":"F sax", "md5": "2ae3083817bcd595e26ea2884b6684d5.wav", "type": "sound", "tags": ["musical-notes", "instruments"], "info": [0.334]},
{"name":"G sax", "md5": "cefba5de46adfe5702485e0934bb1e13.wav", "type": "sound", "tags": ["musical-notes", "instruments"], "info": [0.333]},
{"name":"A sax", "md5": "420991e0d6d99292c6d736963842536a.wav", "type": "sound", "tags": ["musical-notes", "instruments"], "info": [0.294]},
{"name":"B sax", "md5": "653ebe92d491b49ad5d8101d629f567b.wav", "type": "sound", "tags": ["musical-notes", "instruments"], "info": [0.433]},
{"name":"C2 sax", "md5": "ea8d34b18c3d8fe328cea201666458bf.wav", "type": "sound", "tags": ["musical-notes", "instruments"], "info": [0.333]},
{"name":"C trombone", "md5": "821b23a489201a0f21f47ba8528ba47f.wav", "type": "sound", "tags": ["musical-notes", "instruments"], "info": [0.864]},
{"name":"D trombone", "md5": "f3afca380ba74372d611d3f518c2f35b.wav", "type": "sound", "tags": ["musical-notes", "instruments"], "info": [0.786]},
{"name":"E trombone", "md5": "c859fb0954acaa25c4b329df5fb76434.wav", "type": "sound", "tags": ["musical-notes", "instruments"], "info": [0.757]},
{"name":"F trombone", "md5": "d6758470457aac2aa712717a676a5163.wav", "type": "sound", "tags": ["musical-notes", "instruments"], "info": [0.879]},
{"name":"G trombone", "md5": "9436fd7a0eacb4a6067e7db14236dde1.wav", "type": "sound", "tags": ["musical-notes", "instruments"], "info": [0.779]},
{"name":"A trombone", "md5": "863ccc8ba66e6dabbce2a1261c22be0f.wav", "type": "sound", "tags": ["musical-notes", "instruments"], "info": [0.781]},
{"name":"B trombone", "md5": "85b663229525b73d9f6647f78eb23e0a.wav", "type": "sound", "tags": ["musical-notes", "instruments"], "info": [0.704]},
{"name":"C2 trombone", "md5": "68aec107bd3633b2ee40c532eedc3897.wav", "type": "sound", "tags": ["musical-notes", "instruments"], "info": [0.631]},
{"name":"C trumpet", "md5": "8970afcdc4e47bb54959a81fe27522bd.wav", "type": "sound", "tags": ["musical-notes", "instruments"], "info": [0.595]},
{"name":"D trumpet", "md5": "0b1345b8fe2ba3076fedb4f3ae48748a.wav", "type": "sound", "tags": ["musical-notes", "instruments"], "info": [0.576]},
{"name":"E trumpet", "md5": "494295a92314cadb220945a6711c568c.wav", "type": "sound", "tags": ["musical-notes", "instruments"], "info": [0.394]},
{"name":"F trumpet", "md5": "5fa3108b119ca266029b4caa340a7cd0.wav", "type": "sound", "tags": ["musical-notes", "instruments"], "info": [0.579]},
{"name":"G trumpet", "md5": "e84afda25975f14b364118591538ccf4.wav", "type": "sound", "tags": ["musical-notes", "instruments"], "info": [0.664]},
{"name":"A trumpet", "md5": "d2dd6b4372ca17411965dc92d52b2172.wav", "type": "sound", "tags": ["musical-notes", "instruments"], "info": [0.631]},
{"name":"B trumpet", "md5": "cad2bc57729942ed9b605145fc9ea65d.wav", "type": "sound", "tags": ["musical-notes", "instruments"], "info": [0.667]},
{"name":"C2 trumpet", "md5": "df08249ed5446cc5e10b7ac62faac89b.wav", "type": "sound", "tags": ["musical-notes", "instruments"], "info": [0.719]},
{"name":"C major ukulele", "md5": "aa2ca112507b59b5337f341aaa75fb08.wav", "type": "sound", "tags": ["musical-notes", "instruments"], "info": [0.826]},
{"name":"F major ukulele", "md5": "cd0ab5d1b0120c6ed92a1654ccf81376.wav", "type": "sound", "tags": ["musical-notes", "instruments"], "info": [0.827]},
{"name":"A minor ukulele", "md5": "69d25af0fd065da39c71439174efc589.wav", "type": "sound", "tags": ["musical-notes", "instruments"], "info": [0.828]},
{"name":"G ukulele", "md5": "d20218f92ee606277658959005538e2d.wav", "type": "sound", "tags": ["musical-notes", "instruments"], "info": [0.827]}  
  ]