[
{"name": "Abby", "md5": "696e473a34f4eb39422de76afff261e7.json", "type": "sprite", "tags": ["people", "city", "drawing", "vector"], "info": [0, 4, 1]},
{"name": "Airplane", "md5": "c019d9f8cf29476e8b38af8f91f059cb.json", "type": "sprite", "tags": ["transportation", "flying", "city", "photo", "bitmap"], "info": [0, 1, 1]},
{"name": "Amon", "md5": "02ea712d4ede8ec2c7eb408e3931d8c4.json", "type": "sprite", "tags": ["people", "flying", "photo", "bitmap"], "info": [0, 1, 1]},
{"name": "Anina Hip-Hop", "md5": "15c66afd5fe93bf1afc49557e88831a1.json", "type": "sprite", "tags": ["people", "dance", "city", "photo", "bitmap"], "info": [0, 13, 1]},
{"name": "Anna", "md5": "6ef382d80b6b96fd02ba3f471c2614a1.json", "type": "sprite", "tags": ["people", "city", "photo", "bitmap"], "info": [0, 2, 1]},
{"name": "Anna Ode to Code", "md5": "27d267df6ce69c6cced0b8173dcb33ad.json", "type": "sprite", "tags": ["people", "dance", "photo", "bitmap"], "info": [1, 14, 1]},
{"name": "Apple", "md5": "6fe917b6e8536867439b9a9eeddced04.json", "type": "sprite", "tags": ["things", "drawing", "vector"], "info": [0, 1, 1]},
{"name": "Arrow1", "md5": "57e21abc0e49fa794173d2dcb4740599.json", "type": "sprite", "tags": ["things", "drawing", "vector"], "info": [0, 4, 1]},
{"name": "Avery", "md5": "aa8b1179493d8069e823ca84aceaefca.json", "type": "sprite", "tags": ["people", "city", "drawing", "vector"], "info": [0, 2, 1]},
{"name": "Avery Walking", "md5": "7518efaf06a796150d656e2411e2da13.json", "type": "sprite", "tags": ["people", "city", "walking", "drawing", "vector"], "info": [0, 4, 1]}, 
{"name": "AZ Hip-Hop", "md5": "3e9ca08d938b1b571cc925fdd879e8d8.json", "type": "sprite", "tags": ["people", "dance", "city", "bitmap"], "info": [0, 13, 1]},
{"name": "Ball", "md5": "8d2183e144b91f16419cf6fff5d782f8.json", "type": "sprite", "tags": ["things", "drawing", "sports", "vector"], "info": [0, 5, 1]},
{"name": "Ball-Soccer", "md5": "61e48a83a2c5bf7bc12db875604488b2.json", "type": "sprite", "tags": ["things", "drawing", "sports", "vector"], "info": [0, 1, 1]},
{"name": "Ballerina", "md5": "090cd8a1cd780bd868b367ced0eb347b.json", "type": "sprite", "tags": ["people", "dance", "drawing", "vector"], "info": [0, 4, 1]},
{"name": "Balloon1", "md5": "b1ad79ac9827b5be2826dadcc361177a.json", "type": "sprite", "tags": ["things", "holiday", "drawing", "vector"], "info": [0, 3, 1]},
{"name": "Bananas", "md5": "08c7c24135119876ef5be785d3ed0c25.json", "type": "sprite", "tags": ["things", "drawing", "vector"], "info": [0, 1, 0]},
{"name": "Baseball", "md5": "924647fb18d3d71156c46756e71ccb84.json", "type": "sprite", "tags": ["things", "sports", "drawing", "vector"], "info": [0, 1, 1]},
{"name": "Basketball", "md5": "f093c6922d4ae4825b3442ccfabae8cc.json", "type": "sprite", "tags": ["things", "sports", "drawing", "vector"], "info": [0, 1, 0]},
{"name": "Bass", "md5": "7eb1954ae0506243bfff16d74fa531ce.json", "type": "sprite", "tags": ["things", "music", "drawing", "vector"], "info": [0, 1, 8]},
{"name": "Bat1", "md5": "a85170f73f7bf9a599e176b830d2315e.json", "type": "sprite", "tags": ["animals", "drawing", "flying", "vector"], "info": [0, 2, 1]},
{"name": "Bat2", "md5": "b6e16d40ec9f8da3a992fd187af45f58.json", "type": "sprite", "tags": ["animals", "drawing", "flying", "vector"], "info": [0, 2, 1]},
{"name": "Beachball", "md5": "bffdb338c18c044e4b24c96257917cbd.json", "type": "sprite", "tags": ["things", "sports", "drawing", "vector"], "info": [0, 1, 1]},
{"name": "Bear1", "md5": "e263026ab825186a801446f223c90ec7.json", "type": "sprite", "tags": ["animals", "holiday", "drawing", "vector"], "info": [0, 2, 1]},
{"name": "Bear2", "md5": "7ee3cb7e40bc6c63ed5671b25c1d51c0.json", "type": "sprite", "tags": ["animals", "holiday", "drawing", "vector"], "info": [0, 2, 1]},
{"name": "Beetle", "md5": "cb60c65184aaada6d780c9a1291347c3.json", "type": "sprite", "tags": ["animals", "drawing", "vector"], "info": [0, 1, 1]},
{"name": "Bell", "md5": "4c74e0711e56ebf7af11ae73af7162f1.json", "type": "sprite", "tags": ["things", "holiday", "drawing", "vector"], "info": [0, 1, 2]},
{"name": "Bells", "md5": "8abd8198ef46fa8cb4fa70aef7fba584.json", "type": "sprite", "tags": ["things", "holiday", "drawing", "vector"], "info": [0, 2, 1]},
{"name": "Bowl", "md5": "66edf7b53145c86a14b01e70f2d649ba.json", "type": "sprite", "tags": ["things", "drawing", "vector"], "info": [0, 1, 2]},
{"name": "Bowtie", "md5": "711dbe7cd0d08471ba73d38cc4d00cfa.json", "type": "sprite", "tags": ["dress-up", "things", "drawing", "vector"], "info": [0, 2, 1]},
{"name": "Breakdancer1", "md5": "c5a69eb555446b444dba18aaaacb2d94.json", "type": "sprite", "tags": ["people", "dance", "city", "drawing", "bitmap"], "info": [0, 3, 1]},
{"name": "Buildings", "md5": "4bca15b248f0e259ac0b001a24fad2b8.json", "type": "sprite", "tags": ["city", "flying", "things", "drawing", "vector"], "info": [0, 10, 1]},
{"name": "Bus", "md5": "64b29ebcd86a434ad94c86396e3dca25.json", "type": "sprite", "tags": ["transportation", "city", "photo", "bitmap"], "info": [0, 1, 1]},
{"name": "Butterfly1", "md5": "bacbf79010103c7e12206c0e7d7e819c.json", "type": "sprite", "tags": ["animals", "drawing", "flying", "vector"], "info": [0, 2, 1]},
{"name": "Butterfly2", "md5": "142a6e23d56591ed635888e3405fb5e4.json", "type": "sprite", "tags": ["animals", "drawing", "flying", "vector"], "info": [0, 1, 1]},
{"name": "Butterfly3", "md5": "cb396b6060b8f2be77e8ec7a306f7c49.json", "type": "sprite", "tags": ["animals", "drawing", "flying", "vector"], "info": [0, 1, 1]},
{"name": "Button1", "md5": "821f41684702960679aa66a5fca81eaa.json", "type": "sprite", "tags": ["things", "drawing", "vector"], "info": [0, 1, 1]},
{"name": "Button2", "md5": "842cdf61a4a76de1e7054bde8bf6c798.json", "type": "sprite", "tags": ["things", "drawing", "vector"], "info": [0, 2, 1]},
{"name": "Button3", "md5": "5a26f7d059ae68d20653f8485c625b08.json", "type": "sprite", "tags": ["things", "drawing", "vector"], "info": [0, 2, 1]},
{"name": "Button4", "md5": "8b4bb1beec6c6735012eadaee6befcc7.json", "type": "sprite", "tags": ["things", "drawing", "vector"], "info": [0, 2, 1]},
{"name": "Button5", "md5": "bfae64c7f198d3d4ff0edc9f446a6fe3.json", "type": "sprite", "tags": ["things", "drawing", "vector"], "info": [0, 2, 1]},
{"name": "Cake", "md5": "15b4333414c9e2d4173c6c5a54f2673b.json", "type": "sprite", "tags": ["things", "holiday", "drawing", "vector"], "info": [0, 2, 1]},
{"name": "Calvrett", "md5": "b32f4f40f00447922a4627dfe4fcc702.json", "type": "sprite", "tags": ["people", "photo", "bitmap"], "info": [0, 2, 1]},
{"name": "Candle", "md5": "4bba8db67b5b0e6595cdd900de5ed659.json", "type": "sprite", "tags": ["things", "holiday", "drawing", "vector"], "info": [0, 2, 1]},
{"name": "Candles1", "md5": "b01e8a900f455643ef07143582a2be74.json", "type": "sprite", "tags": ["things", "holiday", "drawing", "vector"], "info": [0, 1, 1]},
{"name": "Candles2", "md5": "e2cbd5dc36e838b06a85d9dc097844b3.json", "type": "sprite", "tags": ["things", "holiday", "drawing", "vector"], "info": [0, 1, 1]},
{"name": "Car-Bug", "md5": "981d842c4a118350d39279a81ab0f3a9.json", "type": "sprite", "tags": ["transportation", "city", "photo", "bitmap"], "info": [0, 1, 1]},
{"name": "Cassy", "md5": "4a8f584d003497f77539c05491b1be72.json", "type": "sprite", "tags": ["people", "city", "photo", "bitmap"], "info": [0, 4, 1]},
{"name": "Cassy Dance", "md5": "cc010a879930c73cae2383625fbd720d.json", "type": "sprite", "tags": ["people", "dance", "city", "photo", "bitmap"], "info": [0, 4, 1]},
{"name": "Cat1", "md5": "21d7c8705a0fdeea32affb616ee6c984.json", "type": "sprite", "tags": ["animals", "drawing", "vector"], "info": [0, 2, 1]},
{"name": "Cat1 Flying", "md5": "7ec95b5c609c88add22984a3561c98f3.json", "type": "sprite", "tags": ["animals", "drawing", "flying", "vector"], "info": [0, 2, 1]},
{"name": "Cat2", "md5": "842ce138a74c38c5c3173f6822bbccb9.json", "type": "sprite", "tags": ["animals","drawing", "vector"], "info": [0, 1, 1]},
{"name": "Catherine Dance", "md5": "5ea7ce1c0b36f6068fd9c8649a362699.json", "type": "sprite", "tags": ["people", "dance", "city", "photo", "bitmap"], "info": [0, 4, 1]},
{"name": "Champ99", "md5": "fb4c6d1b683dedae9046eed1322abeba.json", "type": "sprite", "tags": ["people", "dance", "city", "photo", "bitmap"], "info": [0, 7, 1]},
{"name": "Cheesy-Puffs", "md5": "84767cfcd1f458f9199147e88d77c14e.json", "type": "sprite", "tags": ["things", "photo", "bitmap"], "info": [0, 1, 1]},
{"name": "Cloud", "md5": "a786b536e9fd6a434b97e8eae1a64ab4.json", "type": "sprite", "tags": ["flying", "city", "things", "drawing", "vector"], "info": [0, 1, 1]},
{"name": "Clouds", "md5": "365b451d85d4d568c009b6ef381a9fcb.json", "type": "sprite", "tags": ["flying", "city", "things", "drawing", "vector"], "info": [0, 4, 1]},
{"name": "CM Hip-Hop", "md5": "929397b0631826c1d2b87edfd216b3aa.json", "type": "sprite", "tags": ["people", "dance", "city", "photo", "bitmap"], "info": [0, 8, 1]},
{"name": "Convertible1", "md5": "9dd286738dd7983dba4b8e03f7ebcef6.json", "type": "sprite", "tags": ["transportation", "city", "drawing", "bitmap"], "info": [0, 1, 1]},
{"name": "Convertible2", "md5": "74fc3da93327b3a83d43336c1e460f2f.json", "type": "sprite", "tags": ["transportation", "city", "drawing", "bitmap"], "info": [0, 1, 1]},
{"name": "Convertible3", "md5": "38a9a7103c828a69d7d1158294c4dce1.json", "type": "sprite", "tags": ["transportation", "city", "drawing", "vector"], "info": [0, 1, 1]},
{"name": "Cowbell", "md5": "c0cf762532d12bcdb70d0ae4326dee42.json", "type": "sprite", "tags": ["things", "music", "drawing", "vector"], "info": [0, 1, 2]},
{"name": "Crab", "md5": "5154506d1a51312b0c0857b248b3dac2.json", "type": "sprite", "tags": ["animals", "drawing", "underwater", "vector"], "info": [0, 2, 1]},
{"name": "Creature1", "md5": "5c11969b37a72774e5e8549ac4e5ab78.json", "type": "sprite", "tags": ["fantasy", "holiday", "drawing", "vector"], "info": [0, 3, 1]},
{"name": "Cymbal", "md5": "185a9332555bdc0e629fc8da61bed300.json", "type": "sprite", "tags": ["things", "music", "drawing", "vector"], "info": [0, 2, 5]},
{"name": "D-Money Hip-Hop", "md5": "30e525021db7091790a10a0b91bb98a9.json", "type": "sprite", "tags": ["people", "dance", "city", "photo", "bitmap"], "info": [0, 13, 1]},
{"name": "Dan", "md5": "306a78d32b1f19047db194a746174070.json", "type": "sprite", "tags": ["people", "city", "photo", "bitmap"], "info": [0, 2, 1]},
{"name": "Dani", "md5": "08ddc6f9aeba4240c2f9e0f8e5c04247.json", "type": "sprite", "tags": ["dress-up", "people", "drawing", "vector"], "info": [0, 3, 1]},
{"name": "Dee", "md5": "5812da23262a3a709cde478511b83a16.json", "type": "sprite", "tags": ["people", "city", "drawing", "vector"], "info": [0, 5, 1]},
{"name": "Devin", "md5": "103a76afe6f3d34f834e8c1efdcc6c21.json", "type": "sprite", "tags": ["people", "city", "drawing", "vector"], "info": [0, 4, 1]},
{"name": "Dinosaur1", "md5": "843b6bf69c4dc397aaa3e63052c5d9aa.json", "type": "sprite", "tags": ["animals", "drawing","vector"], "info": [0, 7, 1]},
{"name": "Dinosaur2", "md5": "fdf7467699620e0c07acae71d9343ebc.json", "type": "sprite", "tags": ["animals", "drawing","vector"], "info": [0, 2, 1]},
{"name": "Dinosaur3", "md5": "342caa291400d13d6c5377bdfbfe2bda.json", "type": "sprite", "tags": ["animals", "drawing","vector"], "info": [0, 1, 1]},
{"name": "Diver1", "md5": "5d4c259926308c29a8e2a7b119ab5918.json", "type": "sprite", "tags": ["people", "underwater", "drawing", "vector"], "info": [0, 1, 1]},
{"name": "Diver2", "md5": "f17148de90f580334d03cf14b0faeacc.json", "type": "sprite", "tags": ["people", "underwater", "drawing", "vector"], "info": [0, 1, 1]},
{"name": "Dog1", "md5": "3935515695275dd31a51d16a1a899771.json", "type": "sprite", "tags": ["animals", "drawing", "walking","vector"], "info": [0, 2, 1]},
{"name": "Dog2", "md5": "86a5aab43457739f6decc0524076fe20.json", "type": "sprite", "tags": ["animals", "drawing", "walking","vector"], "info": [0, 3, 1]},
{"name": "Dog Puppy", "md5": "4c1b666a4c12e6f5a117d902adb60473.json", "type": "sprite", "tags": ["animals", "photo", "bitmap"], "info": [0, 4, 1]},
{"name": "Donut", "md5": "5910ce8d0bd272cf5abe84ac68458f98.json", "type": "sprite", "tags": ["things", "drawing", "vector"], "info": [0, 1, 1]},
{"name": "Dove1", "md5": "7f4b0d895e1891c59efca2b68152eff7.json", "type": "sprite", "tags": ["animals", "holiday", "drawing", "vector"], "info": [0, 2, 1]},
{"name": "Dove2", "md5": "0427c8f853b9b37f5e69d6dc8f357e2e.json", "type": "sprite", "tags": ["animals", "holiday", "flying", "drawing", "vector"], "info": [0, 2, 1]},
{"name": "Dragon", "md5": "cb9bf0f5a2760c9bc350cb10a6e5b864.json", "type": "sprite", "tags": ["fantasy", "drawing", "flying", "castle","vector"], "info": [0, 2, 0]},
{"name": "Drum-Bass", "md5": "89e2ca9ea4a08af65a739ac264bdc66f.json", "type": "sprite", "tags": ["things", "music", "drawing", "vector"], "info": [0, 2, 3]},
{"name": "Drum-Conga", "md5": "e786f1435b93a684e74188fb9c44e19f.json", "type": "sprite", "tags": ["things", "music", "drawing", "vector"], "info": [0, 2, 4]},
{"name": "Drum-Snare", "md5": "7e108f721a87c7975871112376e5cd4c.json", "type": "sprite", "tags": ["things", "music", "drawing", "vector"], "info": [0, 2, 3]},
{"name": "Drum-Tabla", "md5": "f3e1787b4f1aced669c1b0ac7c3190bf.json", "type": "sprite", "tags": ["things", "music", "drawing", "vector"], "info": [0, 2, 4]},
{"name": "Drum1", "md5": "ab50b8366b92062f2d056c6c36544316.json", "type": "sprite", "tags": ["things", "music", "drawing", "vector"], "info": [0, 2, 2]},
{"name": "Drum2", "md5": "fe798184c66ff82f6c0a4e40ea48da90.json", "type": "sprite", "tags": ["things", "music", "drawing", "vector"], "info": [0, 2, 2]},
{"name": "Duck", "md5": "8867c7dabeb75fe0a7ac85297ca0635c.json", "type": "sprite", "tags": ["animals", "drawing","vector"], "info": [0, 1, 1]},
{"name": "Earth", "md5": "3ab757c0ea08610c6a1529272f077187.json", "type": "sprite", "tags": ["things", "space", "drawing", "vector"], "info": [0, 1, 1]},
{"name": "Elephant", "md5": "80ff76eadf81abdae6725c51d596ad65.json", "type": "sprite", "tags": ["animals", "drawing", "nature","vector"], "info": [0, 2, 1]},
{"name": "Fire hydrant", "md5": "294766226b3a07d4aceed3a309f3bb28.json", "type": "sprite", "tags": ["things", "photo", "bitmap"], "info": [0, 1, 1]},
{"name": "Fish1", "md5": "0ae25e8c65d576cdc50840331570f650.json", "type": "sprite", "tags": ["animals", "drawing", "underwater","vector"], "info": [0, 1, 1]},
{"name": "Fish2", "md5": "b9990a3379ed5ca739f347db385b5679.json", "type": "sprite", "tags": ["animals", "drawing", "underwater","vector"], "info": [0, 1, 1]},
{"name": "Fish3", "md5": "32e13f0417ae9c2cf52212299c37e545.json", "type": "sprite", "tags": ["animals", "drawing", "underwater","vector"], "info": [0, 1, 1]},
{"name": "Flower Shape", "md5": "f9d2a6076cf8bb2104c760666cabbbac.json", "type": "sprite", "tags": ["things", "drawing", "vector"], "info": [0, 1, 1]},
{"name": "Football", "md5": "89ac5d576b91793c403664a5db78517d.json", "type": "sprite", "tags": ["people", "sports", "photo", "bitmap"], "info": [0, 2, 1]},
{"name": "Fortune Cookie", "md5": "e306155639d824669d20b6903f99f1ed.json", "type": "sprite", "tags": ["things", "photo", "bitmap"], "info": [0, 1, 1]},
{"name": "Fox", "md5": "a1f5133d1c5f301e2d507d43ab578334.json", "type": "sprite", "tags": ["animals", "drawing", "vector"], "info": [0, 1, 1]},
{"name": "Frog", "md5": "ecc33f6b6dd64acb421dc5e7811bdf42.json", "type": "sprite", "tags": ["animals", "drawing","vector"], "info": [0, 1, 1]},
{"name": "Fruit Platter", "md5": "081a876c17dbea4d980f33f458ab51d6.json", "type": "sprite", "tags": ["things", "photo", "bitmap"], "info": [0, 1, 1]},
{"name": "Fruit Salad", "md5": "e8973a52d99c22dfc67fc5a08c5589c2.json", "type": "sprite", "tags": ["things", "drawing", "vector"], "info": [0, 1, 1]},
{"name": "Ghost1", "md5": "dabbf589798f938657ab87ecd90bb4a3.json", "type": "sprite", "tags": ["fantasy", "drawing", "castle","vector"], "info": [0, 1, 1]},
{"name": "Ghost2", "md5": "34ec59181547fe29fc8dad8cbb069ac3.json", "type": "sprite", "tags": ["fantasy", "drawing", "castle","vector"], "info": [0, 2, 1]},
{"name": "Ghoul", "md5": "2a907a0926ecfd250934feac880902b0.json", "type": "sprite", "tags": ["fantasy", "drawing", "castle", "vector"], "info": [0, 2, 1]},
{"name": "Gift", "md5": "c8059f469e80ad14edba3bf8fc63d3c2.json", "type": "sprite", "tags": ["things", "holiday", "drawing", "vector"], "info": [0, 2, 1]},
{"name": "Giga", "md5": "bf44a63492306f996a60a13f6ea32ca3.json", "type": "sprite", "tags": ["fantasy","space","drawing","vector"], "info": [0, 4, 1]},
{"name": "Giga walking", "md5": "aeada116b767d063602e4df13792fda7.json", "type": "sprite", "tags": ["fantasy","space","drawing","walking","vector"], "info": [0, 4, 1]},
{"name": "Glass Water", "md5": "aa2dc84f26b3ab7c01ac32cb3cd40e2c.json", "type": "sprite", "tags": ["things", "drawing", "vector"], "info": [0, 2, 1]},
{"name": "Glasses", "md5": "cc4767cfd8037d2526db9610e7d0b9b8.json", "type": "sprite", "tags": ["dress-up", "things", "drawing", "vector"], "info": [0, 1, 1]},
{"name": "Gobo", "md5": "9f9410b4d61a9cafdc65ae351e0dd2d1.json", "type": "sprite", "tags": ["fantasy", "drawing","vector"], "info": [0, 3, 1]},
{"name": "Green Flag", "md5": "612077fc311c839f9a0c16b8ef185791.json", "type": "sprite", "tags": ["things", "vector", "drawing"], "info": [0, 1, 0]},
{"name": "Guitar", "md5": "bae9cb6d6a6e6336d0cf894d06544718.json", "type": "sprite", "tags": ["things", "music", "drawing", "vector"], "info": [0, 1, 8]},
{"name": "Guitar-Bass", "md5": "a35b37e8b663b12dc5ce80ace6e01282.json", "type": "sprite", "tags": ["things", "music", "drawing", "vector"], "info": [0, 1, 8]},
{"name": "Guitar-Electric", "md5": "d86a9e1bac77f9dc580033a22f9dcc51.json", "type": "sprite", "tags": ["things", "music", "drawing", "vector"], "info": [0, 1, 8]},
{"name": "Hannah", "md5": "85e8ba22f46485738aa03f024316f12a.json", "type": "sprite", "tags": ["people", "city", "drawing", "bitmap", "sports"], "info": [0, 3, 1]},
{"name": "Hat", "md5": "484ec88ec66e2b497667f5051b188b09.json", "type": "sprite", "tags": ["dress-up", "things", "drawing", "vector"], "info": [0, 1, 1]},
{"name": "Hat Beanie", "md5": "03b3cb63559eef24f413474b908f4a8c.json", "type": "sprite", "tags": ["dress-up", "things", "drawing", "vector"], "info": [0, 1, 1]},
{"name": "Hat Party1", "md5": "1aaa631956e9814a0aa75a8881442f61.json", "type": "sprite", "tags": ["dress-up", "things", "drawing", "vector"], "info": [0, 1, 1]},
{"name": "Hat Party2", "md5": "5f6594b1221eaccb45ab0759fa0c0e95.json", "type": "sprite", "tags": ["dress-up", "things", "drawing", "vector"], "info": [0, 1, 1]},
{"name": "Hat Winter", "md5": "d1b86984c78d7d54197a85ce502065ca.json", "type": "sprite", "tags": ["dress-up", "things", "drawing", "vector"], "info": [0, 1, 2]},
{"name": "Hat Wizard", "md5": "b10a6e3c014c5b4a49b623f02251a41d.json", "type": "sprite", "tags": ["dress-up", "fantasy", "things", "drawing", "vector"], "info": [0, 1, 1]},
{"name": "Headband", "md5": "141db84f5cf0040b7c0639b1933ecb9b.json", "type": "sprite", "tags": ["dress-up", "things", "drawing", "vector"], "info": [0, 1, 1]},
{"name": "Heart", "md5": "3363a61700057087e7646bae82ead2de.json", "type": "sprite", "tags": ["things", "flying", "holiday", "drawing", "vector"], "info": [0, 2, 1]},
{"name": "Heart Candy", "md5": "f8a9ef52e04a556c5cac2522dc25e1d9.json", "type": "sprite", "tags": ["things", "holiday", "drawing", "vector"], "info": [0, 4, 1]},
{"name": "Heart Face", "md5": "b51572be499ccc1da24d118bb0377fe4.json", "type": "sprite", "tags": ["things", "holiday", "drawing", "vector"], "info": [0, 1, 1]},
{"name": "Heart Scratch", "md5": "606ba54cfa34714a9beba8c7baf731a1.json", "type": "sprite", "tags": ["things", "holiday", "drawing", "vector"], "info": [0, 1, 1]},
{"name": "Helicopter", "md5": "c98aab4932d39a9d1bf4276e86c505cd.json", "type": "sprite", "tags": ["transportation", "flying", "city", "drawing", "bitmap"], "info": [0, 1, 1]},
{"name": "Hippo1", "md5": "22ba13d070b495d20d4c75808ee306dc.json", "type": "sprite", "tags": ["animals", "flying", "fantasy", "vector"], "info": [0, 2, 1]},
{"name": "Holly", "md5": "60ad77d45d697c6603824026cec68864.json", "type": "sprite", "tags": ["things", "holiday", "drawing", "vector"], "info": [0, 2, 1]},
{"name": "Home Button", "md5": "455664f5ff85e7b05abd936a4a7f74e1.json", "type": "sprite", "tags": ["things", "drawing", "vector"], "info": [0, 1, 1]},
{"name": "Horse1", "md5": "ebf2fe69dcf230c0d47ed2cd52ae6e48.json", "type": "sprite", "tags": ["animals", "transportation", "vector", "drawing"], "info": [0, 2, 1]},
{"name": "Jaime", "md5": "58d245537be7cd1f9c3518ad542da2ea.json", "type": "sprite", "tags": ["people", "city", "drawing", "vector"], "info": [0, 2, 1]},
{"name": "Jaime Walking", "md5": "2a8da4f558b0d0664aeb33ae6d569b66.json", "type": "sprite", "tags": ["people", "city", "walking", "drawing", "vector"], "info": [0, 5, 1]},
{"name": "Jay", "md5": "e5be12ee86b250fbdf3dae235a5d8d4d.json", "type": "sprite", "tags": ["people", "city", "photo", "bitmap"], "info": [0, 1, 1]},
{"name": "Jeans", "md5": "1dc88b4e4259b56c41d89ac0005c4138.json", "type": "sprite", "tags": ["dress-up", "things", "drawing", "vector"], "info": [0, 2, 1]},
{"name": "Jodi", "md5": "5646bded6b18749d46479f97f72f6af4.json", "type": "sprite", "tags": ["people", "sports", "photo", "bitmap"], "info": [0, 1, 1]},
{"name": "Jouvi Hip-Hop", "md5": "d5e184840dbfbe44522048fe4980ce8a.json", "type": "sprite", "tags": ["people", "dance", "city", "photo", "bitmap"], "info": [0, 13, 1]},
{"name": "Kai", "md5": "005f2dd99f1f3e22a377296b7ba2445a.json", "type": "sprite", "tags": ["people", "city", "drawing", "bitmap"], "info": [0, 2, 1]}, 
{"name": "Key", "md5": "9106cf68ba0e0aae12d6fb03c78c3da0.json", "type": "sprite", "tags": ["things", "drawing", "vector"], "info": [0, 1, 1]},
{"name": "Khalid Dance", "md5": "2813421be571600ea5e4f6b8faddd375.json", "type": "sprite", "tags": ["people", "dance", "city", "photo", "bitmap"], "info": [0, 4, 1]},
{"name": "Knight", "md5": "80b4ca9e630d06cb5ee4ca135dad0edc.json", "type": "sprite", "tags": ["fantasy", "drawing", "castle","vector"], "info": [0, 1, 1]},
{"name": "Ladybug1", "md5": "6aec4bd32e3803a975240166b1972b22.json", "type": "sprite", "tags": ["animals", "drawing","vector"], "info": [0, 1, 1]},
{"name": "Ladybug2", "md5": "42f6971c994a9c2b289f9230d400effa.json", "type": "sprite", "tags": ["animals", "drawing","vector"], "info": [0, 2, 1]},
{"name": "Lamp", "md5": "901d99180fd7f5c5a1789fe38d03c379.json", "type": "sprite", "tags": ["things", "photo", "bitmap"], "info": [0, 1, 1]},
{"name": "Laptop", "md5": "613b85f66d89bd228b8975a70cba2d1f.json", "type": "sprite", "tags": ["things", "drawing", "vector"], "info": [0, 1, 1]},
{"name": "LB Hip-Hop", "md5": "af04b15114a0e5b27f1aca8fba53620c.json", "type": "sprite", "tags": ["people", "dance", "city", "photo", "bitmap"], "info": [0, 13, 1]},
{"name": "Lightning", "md5": "639739d1c20b827c2469a34e193e529f.json", "type": "sprite", "tags": ["things", "castle", "nature", "drawing", "vector"], "info": [0, 1, 1]},
{"name": "Line", "md5": "d59ceb40f7d39ee451d9a3400ae5ed4a.json", "type": "sprite", "tags": ["things", "drawing", "vector"], "info": [0, 1, 1]},
{"name": "Lion", "md5": "da0b90aa4f8829f039b5a9c626c1a418.json", "type": "sprite", "tags": ["animals", "drawing", "vector"], "info": [0, 2, 1]},
{"name": "Lionness", "md5": "10212340731fe13f1753d0b83b3227fc.json", "type": "sprite", "tags": ["animals", "drawing", "vector"], "info": [0, 1, 1]},
{"name": "Lornz OdetoCode", "md5": "855b0cc4e0a3d17b3c9a885bfe2be19f.json", "type": "sprite", "tags": ["people","dance","photo","bitmap"], "info": [1, 8, 1]},
{"name": "Magic Carpet", "md5": "baa4a1d2cd57015c6c5664165609f949.json", "type": "sprite", "tags": ["transportation", " fantasy", "flying", "castle", "drawing", "bitmap"], "info": [0, 1, 1]},
{"name": "Magic Wand", "md5": "3cfe80e70ace15a3cd3125c09d28f3c6.json", "type": "sprite", "tags": ["things", "castle", "drawing", "vector"], "info": [0, 1, 1]},
{"name": "Maya", "md5": "70e38b954778b5ea15e2be90d25488e5.json", "type": "sprite", "tags": ["people", "city", "drawing", "vector"], "info": [0, 1, 1]},
{"name": "Marble Building", "md5": "c67f8ddc1ce90e09b6ced8d357605e0a.json", "type": "sprite", "tags": ["things", "photo", "bitmap"], "info": [0, 1, 1]},
{"name": "Microphone", "md5": "747d07f991e0867481b725c82a773756.json", "type": "sprite", "tags": ["things", "music", "drawing", "vector"], "info": [0, 1, 10]},
{"name": "Microphone Stand", "md5": "60e3c45d49e457ddbef7a02ffdac1bc9.json", "type": "sprite", "tags": ["things", "music", "drawing", "vector"], "info": [0, 1, 10]},
{"name": "Monkey1", "md5": "a011fa6e9aef8d79929d9d021d6611b7.json", "type": "sprite", "tags": ["animals", "drawing","vector"], "info": [0, 2, 1]},
{"name": "Monkey2", "md5": "a654c7c40cde7669e512a060f59e3718.json", "type": "sprite", "tags": ["animals", "drawing","vector"], "info": [0, 3, 1]},
{"name": "Mori", "md5": "60b66f43da3d615070747ef1cb2c0568.json", "type": "sprite", "tags": ["people", "city", "drawing", "bitmap"], "info": [0, 1, 1]}, 
{"name": "Mouse1", "md5": "accd06361176d829ff5228ec734bb9b2.json", "type": "sprite", "tags": ["animals","drawing","vector"], "info": [0, 2, 1]},
{"name": "Muffin", "md5": "4f8229ec55c04baa1b11148420eecfc4.json", "type": "sprite", "tags": ["things", "drawing", "vector"], "info": [0, 2, 1]},
{"name": "Nano", "md5": "4d88f7e8cfa7c5f3fbf87ca23843aa64.json", "type": "sprite", "tags": ["fantasy", "space", "drawing","vector"], "info": [0, 4, 1]},
{"name": "Neigh Pony", "md5": "4573e08794af61b5d9722313b452d4c5.json", "type": "sprite", "tags": ["animals", "drawing","vector"], "info": [0, 1, 1]},
{"name": "Octopus", "md5": "dd44042e62d9e8ae88a8527a092b570b.json", "type": "sprite", "tags": ["animals", "drawing", "vector", "underwater"], "info": [0, 2, 1]},
{"name": "Orange", "md5": "5b99741c2f38817944e35650c73a55e9.json", "type": "sprite", "tags": ["things", "drawing", "vector"], "info": [0, 1, 1]},
{"name": "Orange2", "md5": "d45307a3b5c3f92719f1987a529f1ab4.json", "type": "sprite", "tags": ["things", "drawing", "vector"], "info": [0, 3, 1]},
{"name": "Paddle", "md5": "637aed437116ea176237b9f9890005d3.json", "type": "sprite", "tags": ["things", "sports", "drawing", "vector"], "info": [0, 1, 1]},
{"name": "Palmtree", "md5": "87117712eb3c37b84a174374e0323b0a.json", "type": "sprite", "tags": ["things", "nature", "photo", "bitmap"], "info": [0, 1, 1]},
{"name": "Parrot", "md5": "5d715abf844c9e1c840e5a1fbb8eb79e.json", "type": "sprite", "tags": ["animals", "drawing", "flying", "nature","vector"], "info": [0, 2, 1]},
{"name": "Parrot2", "md5": "2aa2ec7ed9ec9ef47bb91d4e48188399.json", "type": "sprite", "tags": ["animals", "drawing", "flying", "nature","vector"], "info": [0, 2, 2]},
{"name": "Paul", "md5": "9889ebdef7735213ce610c5922bc1b62.json", "type": "sprite", "tags": ["people", "city", "photo", "bitmap"], "info": [0, 1, 1]},
{"name": "Pencil", "md5": "5f71af22ccff759627e51f2ad820c67b.json", "type": "sprite", "tags": ["things", "drawing", "vector"], "info": [0, 2, 1]},
{"name": "Penguin1", "md5": "8f40bf3ab85d349934dd824caad77514.json", "type": "sprite", "tags": ["animals", "drawing", "vector"], "info": [0, 1, 1]},
{"name": "Penguin1 Talk", "md5": "9713f87073cbcd00a411113798cb59b4.json", "type": "sprite", "tags": ["animals", "drawing", "vector"], "info": [0, 2, 1]},
{"name": "Penguin2", "md5": "8ab2a02165555aa02be65dd6a4441d4f.json", "type": "sprite", "tags": ["animals", "drawing", "vector"], "info": [0, 1, 1]},
{"name": "Penguin2 Talk", "md5": "9c31485e19698d3bcffcd960b19b164f.json", "type": "sprite", "tags": ["animals", "drawing", "vector"], "info": [0, 2, 1]},
{"name": "Penguin3", "md5": "e1392e7e6ebffec1071ff9575b9d6b66.json", "type": "sprite", "tags": ["animals", "holiday", "drawing", "vector"], "info": [0, 3, 1]},
{"name": "Piano", "md5": "9d32a3df0ab591695c927e7a5345a25b.json", "type": "sprite", "tags": ["things", "music", "drawing", "vector"], "info": [0, 1, 8]},
{"name": "Piano-Electric", "md5": "93514422e2432879283eacc83e4f11f2.json", "type": "sprite", "tags": ["things", "music", "drawing", "vector"], "info": [0, 4, 8]}, 
{"name": "Pico", "md5": "c43fac37ee82c0d9be055ec5369b801c.json", "type": "sprite", "tags": ["fantasy", "space", "drawing","vector"], "info": [0, 4, 1]},
{"name": "Pico walking", "md5": "6d5910846230a0af1171619f863fafd4.json", "type": "sprite", "tags": ["fantasy","space","drawing","walking","vector"], "info": [0, 4, 1]},
{"name": "Planet2", "md5": "4fc902eee8d5ad5368e537b07b4fbd2a.json", "type": "sprite", "tags": ["things", "space", "drawing", "vector"], "info": [0, 1, 1]},
{"name": "Prince", "md5": "a8c6387eb722a44bdb20a6b9561eb9ba.json", "type": "sprite", "tags": ["people", "fantasy", "castle", "drawing", "vector"], "info": [0, 1, 1]},
{"name": "Princess", "md5": "578d0721043a95a9ee18638be936d559.json", "type": "sprite", "tags": ["people", "fantasy", "castle", "drawing", "vector"], "info": [0, 1, 1]},
{"name": "Rainbow", "md5": "26e424a7637aa16ba4664348eeee9e06.json", "type": "sprite", "tags": ["things", "flying", "city", "drawing", "vector"], "info": [0, 1, 1]},
{"name": "Referee", "md5": "4ea0317487ea57bf7af363ef5b613a5a.json", "type": "sprite", "tags": ["people", "sports", "photo", "bitmap"], "info": [0, 1, 1]},
{"name": "Reindeer", "md5": "845df0235f7e43d9d3680919ac087193.json", "type": "sprite", "tags": ["fantasy", "holiday", "drawing", "vector"], "info": [0, 1, 1]},
{"name": "Robot1", "md5": "eaca35db06eccf54119f09bc9a54fff7.json", "type": "sprite", "tags": ["fantasy", "drawing", "space","vector"], "info": [0, 1, 1]},
{"name": "Rocks", "md5": "b164e5f973fbb1e2dbe0d36af5560af7.json", "type": "sprite", "tags": ["things", "nature", "drawing", "vector"], "info": [0, 1, 1]},
{"name": "Rory", "md5": "b58b01e9679b19609a30ee7495535f72.json", "type": "sprite", "tags": ["people", "city", "drawing", "bitmap"], "info": [0, 1, 1]},
{"name": "Ruby", "md5": "1959d66ef12b9dd66cfb677d446f1a5b.json", "type": "sprite", "tags": ["people", "city", "drawing", "bitmap"], "info": [0, 2, 1]},
{"name": "Sailboat", "md5": "ff1e510bf3ca520889dc1f786607c32a.json", "type": "sprite", "tags": ["transportation", "photo", "bitmap"], "info": [0, 1, 1]},
{"name": "Sam", "md5": "7f6822b4351eaea915082a9ef17d7883.json", "type": "sprite", "tags": ["people", "city", "photo", "bitmap"], "info": [0, 1, 1]},
{"name": "Saxophone", "md5": "7564927bd25ad56b1e484b6c779877d8.json", "type": "sprite", "tags": ["things", "music", "drawing", "vector"], "info": [0, 2, 8]},
{"name": "Scarf1", "md5": "dece61859b6a7e161b0dc95feec6dee9.json", "type": "sprite", "tags": ["dress-up", "things", "holiday", "drawing", "vector"], "info": [0, 1, 1]},
{"name": "Scarf2", "md5": "32656746c7b5cfbeaa7aac3439be39b6.json", "type": "sprite", "tags": ["dress-up", "things", "holiday", "drawing", "vector"], "info": [0, 1, 1]},
{"name": "Scratch Logo", "md5": "bb06b03bf0ab273412c53ef124b03571.json", "type": "sprite", "tags": ["things", "vector"], "info": [0, 1, 1]},
{"name": "Shark", "md5": "f4de29876d955980cea7fb13e5104128.json", "type": "sprite", "tags": ["animals", "drawing", "underwater","vector"], "info": [0, 3, 1]},
{"name": "Shirt", "md5": "f259659147ab84ceae7b03d9e9131e4a.json", "type": "sprite", "tags": ["dress-up", "things", "drawing", "vector"], "info": [0, 2, 1]},
{"name": "Shirt2", "md5": "3ca022d64a13fceebb5b1c134dc79e7e.json", "type": "sprite", "tags": ["dress-up", "things", "drawing", "vector"], "info": [0, 2, 1]},
{"name": "Shirt Blouse", "md5": "070e1befc3049e860cccdeec54ce6b84.json", "type": "sprite", "tags": ["dress-up", "things", "drawing", "vector"], "info": [0, 1, 0]},
{"name": "Shirt Collar", "md5": "73d08bc764aa1debf9d6aa42e9705702.json", "type": "sprite", "tags": ["dress-up", "things", "drawing", "vector"], "info": [0, 3, 1]},
{"name": "Shirt-T", "md5": "bbb19ae78c0edad170cf8d4219988639.json", "type": "sprite", "tags": ["dress-up", "things", "drawing", "vector"], "info": [0, 1, 0]},
{"name": "Shoes1", "md5": "d82eaf1cd74875fdc5ed6d315c52e4e6.json", "type": "sprite", "tags": ["dress-up", "things", "drawing", "vector"], "info": [0, 1, 1]},
{"name": "Shoes2", "md5": "df0e514399633313aea1ab95c4013bb7.json", "type": "sprite", "tags": ["dress-up", "things", "drawing", "vector"], "info": [0, 1, 1]},
{"name": "Singer1", "md5": "0b443d6f38ddba7870461d897b378495.json", "type": "sprite", "tags": ["people", "music", "drawing", "vector"], "info": [0, 1, 1]},
{"name": "Skates", "md5": "a2d524f561fac16f49b8ece2c1e7bc51.json", "type": "sprite", "tags": ["dress-up", "things", "holiday", "drawing", "vector"], "info": [0, 1, 1]},
{"name": "SL Hip-Hop", "md5": "4ce6fc7ad57fdbb1c8a97d22ed8ae3f4.json", "type": "sprite", "tags": ["people", "dance", "city", "photo", "bitmap"], "info": [0, 8, 1]},
{"name": "Snowflake", "md5": "800bbf1810a82c5eb84247617e08b7c4.json", "type": "sprite", "tags": ["things", "holiday", "drawing", "vector"], "info": [0, 1, 1]},
{"name": "Snowman", "md5": "3dcf0d9984f19bdaedbb5d39443fb430.json", "type": "sprite", "tags": ["fantasy", "holiday", "drawing","vector"], "info": [0, 1, 1]},
{"name": "Soccer Ball", "md5": "781e03e948c1c8a2404a021b87fb555e.json", "type": "sprite", "tags": ["things", "sports", "drawing", "vector"], "info": [0, 1, 1]},
{"name": "Spaceship", "md5": "cc0ceb624bbf791f5e727197493b2962.json", "type": "sprite", "tags": ["transportation", "space", "fantasy", "flying", "drawing", "vector"], "info": [0, 2, 1]},
{"name": "Speaker", "md5": "b8df0b67bdd9ca7a69ba21e7359c43f7.json", "type": "sprite", "tags": ["things", "music", "dance", "drawing", "vector"], "info": [1, 1, 7]},
{"name": "Squirrel", "md5": "a217836c6c6af270028d6539b551081b.json", "type": "sprite", "tags": ["animals", "bitmap", "photo"], "info": [0, 1, 1]},
{"name": "Star1", "md5": "0c45a579bc2dd00a0bd8b549ebc370fb.json", "type": "sprite", "tags": ["things", "holiday", "drawing", "vector"], "info": [0, 1, 1]},
{"name": "Star2", "md5": "3e5e885d2daed6850bc7ce760fb05792.json", "type": "sprite", "tags": ["things", "holiday", "drawing", "vector"], "info": [0, 1, 1]},
{"name": "Star3", "md5": "0ef22836491409e7162c9e42008eb209.json", "type": "sprite", "tags": ["things", "holiday", "drawing", "vector"], "info": [0, 2, 0]},
{"name": "Starfish", "md5": "6ec7ad82ae0dcaf14372f5bc7cf98cdb.json", "type": "sprite", "tags": ["animals", "drawing", "underwater","vector"], "info": [0, 2, 1]},
{"name": "Stop", "md5": "f86668fde1d15ab1f7d8b165300f0f77.json", "type": "sprite", "tags": ["things", "vector", "drawing"], "info": [0, 1, 0]},
{"name": "Street Cleaner", "md5": "4ac6a5c3afefd96bd84c555e762e5e7e.json", "type": "sprite", "tags": ["transportation","city", "photo", "bitmap"], "info": [0, 1, 1]},
{"name": "Sun", "md5": "044b0ed210080d51a7413498134f20ff.json", "type": "sprite", "tags": ["things", "space", "drawing", "vector", "vector"], "info": [0, 1, 1]},
{"name": "Sunglasses1", "md5": "d539bba5cc6dc82276c3ea87e6b37add.json", "type": "sprite", "tags": ["dress-up","things", "drawing", "vector"], "info": [0, 1, 1]},
{"name": "Sunglasses2", "md5": "7e70643cefba998bb7dfb9ea74c02c11.json", "type": "sprite", "tags": ["dress-up", "things", "drawing", "vector"], "info": [0, 1, 1]},
{"name": "Taco", "md5": "6abdd75caf1acc7d940c2a03d39f9e05.json", "type": "sprite", "tags": ["things", "flying", "drawing", "vector"], "info": [0, 2, 1]},
{"name": "Tennis Ball", "md5": "c1b3bff53f83d2e14d63060ea8fb69c7.json", "type": "sprite", "tags": ["things", "sports", "photo", "bitmap"], "info": [0, 1, 1]},
{"name": "Tera", "md5": "b6cea57398b8ee6836189f3b46b89c4d.json", "type": "sprite", "tags": ["fantasy","space","drawing","vector"], "info": [0, 4, 1]},
{"name": "Text", "md5": "0151c613f210ee446f0a51967ca0c625.json", "type": "sprite", "tags": ["letters", "things", "vector"], "info": [0, 4, 0]},
{"name": "Trampoline", "md5": "365a89dc9e015fc1e7ec48cdf453ad86.json", "type": "sprite", "tags": ["things", "photo", "bitmap"], "info": [0, 1, 1]},
{"name": "Tree1", "md5": "ba83b1d6533697336d7940ea546626b3.json", "type": "sprite", "tags": ["things", "holiday", "drawing", "vector"], "info": [0, 1, 1]},
{"name": "Tree2", "md5": "7074815b7fc4c4c3dc639323f36b3e00.json", "type": "sprite", "tags": ["things", "holiday", "drawing", "vector"], "info": [0, 1, 1]},
{"name": "Tree-lights", "md5": "9cd26229c19cdcb998fcfffcef90e461.json", "type": "sprite", "tags": ["things", "holiday", "drawing", "vector"], "info": [0, 2, 1]},
{"name": "Trees", "md5": "4baeb060bd5af0309ba67b2644b74161.json", "type": "sprite", "tags": ["city", "flying", "things", "drawing", "vector"], "info": [0, 2, 1]},
{"name": "Trombone", "md5": "f5c5954ceccbc701b3b58c6d6d54ae8c.json", "type": "sprite", "tags": ["things", "music", "drawing", "vector"], "info": [0, 2, 8]},
{"name": "Trumpet", "md5": "07ebcd10f82e1016fe2c0887a2b54f21.json", "type": "sprite", "tags": ["things", "music", "drawing", "vector"], "info": [0, 2, 8]},
{"name": "Ukulele", "md5": "e2f2f97185e81a5308ec87d1961e073b.json", "type": "sprite", "tags": ["things", "music", "drawing", "vector"], "info": [0, 1, 4]},
{"name": "Umbrella", "md5": "f325bf501590f853ee1bf8eb2573998f.json", "type": "sprite", "tags": ["things", "photo", "bitmap"], "info": [0, 1, 1]},
{"name": "Unicorn", "md5": "f63bd4a96f84b2f521f4515d75be5142.json", "type": "sprite", "tags": ["flying", "fantasy", "drawing", "castle","vector"], "info": [0, 1, 1]},
{"name": "Vest", "md5": "aaa8b77d2ae89653c9a082fece6ccaa0.json", "type": "sprite", "tags": ["dress-up", "things", "drawing", "vector"], "info": [0, 2, 1]},
{"name": "Wanda", "md5": "228ddb49c71d1edaf3886cccf67e6ea7.json", "type": "sprite", "tags": ["people", "city", "drawing", "vector"], "info": [0, 1, 1]},
{"name": "Watermelon", "md5": "ca05b21f0f5f78a5a0a1babe195de11f.json", "type": "sprite", "tags": ["things", "vector", "drawing"], "info": [0, 3, 1]},
{"name": "Witch", "md5": "266baac462372ae29a56530877350e57.json", "type": "sprite", "tags": ["flying", "people", "fantasy", "castle", "drawing", "vector"], "info": [0, 1, 1]},
{"name": "Wizard", "md5": "29632bdf8d93f6b6631586436e818f39.json", "type": "sprite", "tags": ["people", "fantasy", "castle", "drawing", "vector"], "info": [0, 1, 1]},
{"name": "Wizard1", "md5": "2cfe78e04698fd3e9426eca549e589ee.json", "type": "sprite", "tags": ["people", "fantasy", "castle", "drawing", "vector"], "info": [0, 1, 1]},
{"name": "Wizard2", "md5": "ef1f6f02b1a3e39ca4c0534ea4ce011f.json", "type": "sprite", "tags": ["people", "fantasy", "castle", "drawing", "vector"], "info": [0, 1, 1]},
{"name": "Zara", "md5": "ab308f67f08583dd0a507afffcf54436.json", "type": "sprite", "tags": ["people", "city", "drawing", "bitmap"], "info": [0, 2, 1]},
{"name": "A-block", "md5": "7d39e6c61831c6a773dc1edc347999ca.json", "type": "sprite", "tags": ["letters", "drawing", "vector"], "info": [0, 1, 1]},
{"name": "B-block", "md5": "bd5b5db6b45e6a03465e5eb8c01bf79c.json", "type": "sprite", "tags": ["letters", "drawing", "vector"], "info": [0, 1, 1]},
{"name": "C-block", "md5": "b4a9792970cdd3051e264976fd1091f0.json", "type": "sprite", "tags": ["letters", "drawing", "vector"], "info": [0, 1, 1]},
{"name": "D-block", "md5": "daa1e5da432bb4d5e791598da2cc3e66.json", "type": "sprite", "tags": ["letters", "drawing", "vector"], "info": [0, 1, 1]},
{"name": "E-block", "md5": "f773759ede2c33c2ae1e5b80b2c9be7f.json", "type": "sprite", "tags": ["letters", "drawing", "vector"], "info": [0, 1, 1]},
{"name": "F-block", "md5": "8544d0a8771d30feda958ecff8c393bb.json", "type": "sprite", "tags": ["letters", "drawing", "vector"], "info": [0, 1, 1]},
{"name": "G-block", "md5": "6ac045d041d55be95a8da41a51d39e6e.json", "type": "sprite", "tags": ["letters", "drawing", "vector"], "info": [0, 1, 1]},
{"name": "H-block", "md5": "787d9296a2e74c23426e743ebc71db3c.json", "type": "sprite", "tags": ["letters", "drawing", "vector"], "info": [0, 1, 1]},
{"name": "I-block", "md5": "d19ed7842c6ebac7201caf7bae4bb4d6.json", "type": "sprite", "tags": ["letters", "drawing", "vector"], "info": [0, 1, 1]},
{"name": "J-block", "md5": "dc251e18b09e5884b7fd8ad3f4b66148.json", "type": "sprite", "tags": ["letters", "drawing", "vector"], "info": [0, 1, 1]},
{"name": "K-block", "md5": "6bc8250ec4b001ff28f46a32a5d518c1.json", "type": "sprite", "tags": ["letters", "drawing", "vector"], "info": [0, 1, 1]},
{"name": "L-block", "md5": "7eac11a0410dc0bdcd3b6f54d680db29.json", "type": "sprite", "tags": ["letters", "drawing", "vector"], "info": [0, 1, 1]},
{"name": "M-block", "md5": "45e0c62eb32938a0a138d819930d43c3.json", "type": "sprite", "tags": ["letters", "drawing", "vector"], "info": [0, 1, 1]},
{"name": "N-block", "md5": "00989c54afe183c30c52e06ae6ec4754.json", "type": "sprite", "tags": ["letters", "drawing", "vector"], "info": [0, 1, 1]},
{"name": "O-block", "md5": "b28cb971d2213f53cba4344dfe80b5c0.json", "type": "sprite", "tags": ["letters", "drawing", "vector"], "info": [0, 1, 1]},
{"name": "P-block", "md5": "eea46893980826ad1ab57d1e8738d0f6.json", "type": "sprite", "tags": ["letters", "drawing", "vector"], "info": [0, 1, 1]},
{"name": "Q-block", "md5": "bea9aeae57d4c594677b4eedcf5b697f.json", "type": "sprite", "tags": ["letters", "drawing", "vector"], "info": [0, 1, 1]},
{"name": "R-block", "md5": "4b45292443a655626f7b13f8e7944dc5.json", "type": "sprite", "tags": ["letters", "drawing", "vector"], "info": [0, 1, 1]},
{"name": "S-block", "md5": "f01f47de52fb75f5d33b4c80ef27b806.json", "type": "sprite", "tags": ["letters", "drawing", "vector"], "info": [0, 1, 1]},
{"name": "T-block", "md5": "de4e84ef268f973aff286fcc253c381e.json", "type": "sprite", "tags": ["letters", "drawing", "vector"], "info": [0, 1, 1]},
{"name": "U-block", "md5": "2e0a9030828ed862eca63d8857470b5f.json", "type": "sprite", "tags": ["letters", "drawing", "vector"], "info": [0, 1, 1]},
{"name": "V-block", "md5": "4147c04ece5c86bd89729250f543e4d9.json", "type": "sprite", "tags": ["letters", "drawing", "vector"], "info": [0, 1, 1]},
{"name": "W-block", "md5": "5782f4544e8417223047cc518941ac72.json", "type": "sprite", "tags": ["letters", "drawing", "vector"], "info": [0, 1, 1]},
{"name": "X-block", "md5": "4688652ff2c6873f92e09c56eaf7b57f.json", "type": "sprite", "tags": ["letters", "drawing", "vector"], "info": [0, 1, 1]},
{"name": "Y-block", "md5": "bac8ebb5ce94fbbbc663882926b6ede2.json", "type": "sprite", "tags": ["letters", "drawing", "vector"], "info": [0, 1, 1]},
{"name": "Z-block", "md5": "3605f30d1cfbcadd6206d6ff26c09adb.json", "type": "sprite", "tags": ["letters", "drawing", "vector"], "info": [0, 1, 1]},
{"name": "A-Glow", "md5": "73ef9b3de40b556ee34226fc701e341f.json", "type": "sprite", "tags": ["letters", "drawing", "vector"], "info": [0, 1, 1]},
{"name": "B-Glow", "md5": "3a61d9551ac5041b44a0cff2a9e09a3a.json", "type": "sprite", "tags": ["letters", "drawing", "vector"], "info": [0, 1, 1]},
{"name": "C-Glow", "md5": "620374a913f0661097239615084b1cf4.json", "type": "sprite", "tags": ["letters", "drawing", "vector"], "info": [0, 1, 1]},
{"name": "D-Glow", "md5": "b885b3727d058516f6a8b75953c70c17.json", "type": "sprite", "tags": ["letters", "drawing", "vector"], "info": [0, 1, 1]},
{"name": "E-Glow", "md5": "01522214304ba809c662b4e1d5e30cc6.json", "type": "sprite", "tags": ["letters", "drawing", "vector"], "info": [0, 1, 1]},
{"name": "F-Glow", "md5": "d537d570dea1e5cd07a90ea145c0cc9d.json", "type": "sprite", "tags": ["letters", "drawing", "vector"], "info": [0, 1, 1]},
{"name": "G-Glow", "md5": "a7a2e6c509ad30168c3936abf0acf05a.json", "type": "sprite", "tags": ["letters", "drawing", "vector"], "info": [0, 1, 1]},
{"name": "H-Glow", "md5": "fa36456675f1742fecaf9181add67217.json", "type": "sprite", "tags": ["letters", "drawing", "vector"], "info": [0, 1, 1]},
{"name": "I-Glow", "md5": "2a4820feff87b39e48caf0a69d1bc1e1.json", "type": "sprite", "tags": ["letters", "drawing", "vector"], "info": [0, 1, 1]},
{"name": "J-Glow", "md5": "58b22acbb6e2dd80e2d2a940d73b3b97.json", "type": "sprite", "tags": ["letters", "drawing", "vector"], "info": [0, 1, 1]},
{"name": "K-Glow", "md5": "c272c9f58a1d24fc65eb26cf1ce81911.json", "type": "sprite", "tags": ["letters", "drawing", "vector"], "info": [0, 1, 1]},
{"name": "L-Glow", "md5": "f13639e43d7c623a7c2f4585e5736b2c.json", "type": "sprite", "tags": ["letters", "drawing", "vector"], "info": [0, 1, 1]},
{"name": "M-Glow", "md5": "cab7014e99d365ec6573ef3d67533e3a.json", "type": "sprite", "tags": ["letters", "drawing", "vector"], "info": [0, 1, 1]},
{"name": "N-Glow", "md5": "dbb0a3b3823b081b6e9bf4d1acf38da7.json", "type": "sprite", "tags": ["letters", "drawing", "vector"], "info": [0, 1, 1]},
{"name": "O-Glow", "md5": "ba8e402874eee09ad85c629dccfbbc03.json", "type": "sprite", "tags": ["letters", "drawing", "vector"], "info": [0, 1, 1]},
{"name": "P-Glow", "md5": "1965cd94d13932cd1caf37c802c1ad0d.json", "type": "sprite", "tags": ["letters", "drawing", "vector"], "info": [0, 1, 1]},
{"name": "Q-Glow", "md5": "909ec9777bd619e25cb04a34108fd2ae.json", "type": "sprite", "tags": ["letters", "drawing", "vector"], "info": [0, 1, 1]},
{"name": "R-Glow", "md5": "d6e832ef886d81154574a0903ee85a1b.json", "type": "sprite", "tags": ["letters", "drawing", "vector"], "info": [0, 1, 1]},
{"name": "S-Glow", "md5": "b76cff30e5d6ee0eb5abefc7e3cfe65a.json", "type": "sprite", "tags": ["letters", "drawing", "vector"], "info": [0, 1, 1]},
{"name": "T-Glow", "md5": "216fecdaca50e9a04eb4880e51132d3e.json", "type": "sprite", "tags": ["letters", "drawing", "vector"], "info": [0, 1, 1]},
{"name": "U-Glow", "md5": "df65c925412aae470af4b8aa4a685704.json", "type": "sprite", "tags": ["letters", "drawing", "vector"], "info": [0, 1, 1]},
{"name": "V-Glow", "md5": "ddf2f29fa11dd0fb21c7d68e162a53eb.json", "type": "sprite", "tags": ["letters", "drawing", "vector"], "info": [0, 1, 1]},
{"name": "W-Glow", "md5": "6fbc0f41c6254a6d5b6b18e427ed8bd7.json", "type": "sprite", "tags": ["letters", "drawing", "vector"], "info": [0, 1, 1]},
{"name": "X-Glow", "md5": "4f2eb022e46f64a2c632031160a4ffc1.json", "type": "sprite", "tags": ["letters", "drawing", "vector"], "info": [0, 1, 1]},
{"name": "Y-Glow", "md5": "6a2fccc6f6408d07f913f4ee11acddfe.json", "type": "sprite", "tags": ["letters", "drawing", "vector"], "info": [0, 1, 1]},
{"name": "Z-Glow", "md5": "945d5ecef4aa9e44838335814135882d.json", "type": "sprite", "tags": ["letters", "drawing", "vector"], "info": [0, 1, 1]},
{"name": "0-Glow", "md5": "133f3cc363c9d0e4e9c5d6eeb92a27ca.json", "type": "sprite", "tags": ["letters", "drawing", "vector"], "info": [0, 1, 1]},
{"name": "1-Glow", "md5": "b1737e75953cf5a072710802f1ea3fd9.json", "type": "sprite", "tags": ["letters", "drawing", "vector"], "info": [0, 1, 1]},
{"name": "2-Glow", "md5": "a09a137f7e4eca5ce2e1073f41e2f8d6.json", "type": "sprite", "tags": ["letters", "drawing", "vector"], "info": [0, 1, 1]},
{"name": "3-Glow", "md5": "2f4854c7d89accf41c84c2e37c9fbb99.json", "type": "sprite", "tags": ["letters", "drawing", "vector"], "info": [0, 1, 1]},
{"name": "4-Glow", "md5": "d64d70c8d49765df53fcf04042415136.json", "type": "sprite", "tags": ["letters", "drawing", "vector"], "info": [0, 1, 1]},
{"name": "5-Glow", "md5": "529099e83baa7b6e37b5f7bc44e523f3.json", "type": "sprite", "tags": ["letters", "drawing", "vector"], "info": [0, 1, 1]},
{"name": "6-Glow", "md5": "42de506dff57f7a0d5c79c033ec455c1.json", "type": "sprite", "tags": ["letters", "drawing", "vector"], "info": [0, 1, 1]},
{"name": "7-Glow", "md5": "c98e40c8b3ba42d71e30712df2f1b5b8.json", "type": "sprite", "tags": ["letters", "drawing", "vector"], "info": [0, 1, 1]},
{"name": "8-Glow", "md5": "0fe715bfe545a7b278410f2e8c18e321.json", "type": "sprite", "tags": ["letters", "drawing", "vector"], "info": [0, 1, 1]},
{"name": "9-Glow", "md5": "dd9199852e42e4e7cc78d48b095bf744.json", "type": "sprite", "tags": ["letters", "drawing", "vector"], "info": [0, 1, 1]},
{"name": "A-Pixel", "md5": "880bdfe9f3ff7548c954fdf2d497b3fa.json", "type": "sprite", "tags": ["letters", "drawing", "vector"], "info": [0, 1, 1]},
{"name": "B-Pixel", "md5": "52919e1611cd19011de4539d87b64d11.json", "type": "sprite", "tags": ["letters", "drawing", "vector"], "info": [0, 1, 1]},
{"name": "C-Pixel", "md5": "1239182274dfa6b4472aa4697454a121.json", "type": "sprite", "tags": ["letters", "drawing", "vector"], "info": [0, 1, 1]},
{"name": "D-Pixel", "md5": "a3872ba71acc5e33779a47bfd02458c3.json", "type": "sprite", "tags": ["letters", "drawing", "vector"], "info": [0, 1, 1]},
{"name": "E-Pixel", "md5": "08cc08099a5ee09ce65b6a5253dc0395.json", "type": "sprite", "tags": ["letters", "drawing", "vector"], "info": [0, 1, 1]},
{"name": "F-Pixel", "md5": "fb03ea88d75019fedd21d3614c8e21f4.json", "type": "sprite", "tags": ["letters", "drawing", "vector"], "info": [0, 1, 1]},
{"name": "G-Pixel", "md5": "266df38e9d904bf337c8bd30277cd4b2.json", "type": "sprite", "tags": ["letters", "drawing", "vector"], "info": [0, 1, 1]},
{"name": "H-Pixel", "md5": "1f83ab6b5df43a30beffa80cbcc6f5f6.json", "type": "sprite", "tags": ["letters", "drawing", "vector"], "info": [0, 1, 1]},
{"name": "I-Pixel", "md5": "915547507357971a29749caea3fcfc1f.json", "type": "sprite", "tags": ["letters", "drawing", "vector"], "info": [0, 1, 1]},
{"name": "J-Pixel", "md5": "7dd025bfd936011589596b0e9aaf0790.json", "type": "sprite", "tags": ["letters", "drawing", "vector"], "info": [0, 1, 1]},
{"name": "K-Pixel", "md5": "ea30edd02651845344879f70b532ec83.json", "type": "sprite", "tags": ["letters", "drawing", "vector"], "info": [0, 1, 1]},
{"name": "L-Pixel", "md5": "5f60508d88a27370455a02b6a55f4c7b.json", "type": "sprite", "tags": ["letters", "drawing", "vector"], "info": [0, 1, 1]},
{"name": "M-Pixel", "md5": "ec1764a2ff7ada3de7067a48adfa245a.json", "type": "sprite", "tags": ["letters", "drawing", "vector"], "info": [0, 1, 1]},
{"name": "N-Pixel", "md5": "08eb88f84684cd5d39561ca1f21184cb.json", "type": "sprite", "tags": ["letters", "drawing", "vector"], "info": [0, 1, 1]},
{"name": "O-Pixel", "md5": "af715ea3da5ecbd81653ca41ead20478.json", "type": "sprite", "tags": ["letters", "drawing", "vector"], "info": [0, 1, 1]},
{"name": "P-Pixel", "md5": "fff2c56e9adc32e97ffb1d4a5e50d5ae.json", "type": "sprite", "tags": ["letters", "drawing", "vector"], "info": [0, 1, 1]},
{"name": "Q-Pixel", "md5": "fee6483805b0c3f79480e6fc3961d884.json", "type": "sprite", "tags": ["letters", "drawing", "vector"], "info": [0, 1, 1]},
{"name": "R-Pixel", "md5": "3ecaff040a5f8d58a0f398562ba92585.json", "type": "sprite", "tags": ["letters", "drawing", "vector"], "info": [0, 1, 1]},
{"name": "S-Pixel", "md5": "226c660332695ec45c4d0771fe53d322.json", "type": "sprite", "tags": ["letters", "drawing", "vector"], "info": [0, 1, 1]},
{"name": "T-Pixel", "md5": "0ae59e16211a35d7f51eba6cfdcb68e7.json", "type": "sprite", "tags": ["letters", "drawing", "vector"], "info": [0, 1, 1]},
{"name": "U-Pixel", "md5": "59a21279b89bf8110e7a41efaaf1e6c3.json", "type": "sprite", "tags": ["letters", "drawing", "vector"], "info": [0, 1, 1]},
{"name": "V-Pixel", "md5": "3b3da9cb0ca16796dd4ec1a40b1553b5.json", "type": "sprite", "tags": ["letters", "drawing", "vector"], "info": [0, 1, 1]},
{"name": "W-Pixel", "md5": "764237572a584de0a57262abe3ccda0e.json", "type": "sprite", "tags": ["letters", "drawing", "vector"], "info": [0, 1, 1]},
{"name": "X-Pixel", "md5": "d73e59d68fe744da3f2eecffed4f8340.json", "type": "sprite", "tags": ["letters", "drawing", "vector"], "info": [0, 1, 1]},
{"name": "Y-Pixel", "md5": "7c3ede867a511b53caad591e0ddbf188.json", "type": "sprite", "tags": ["letters", "drawing", "vector"], "info": [0, 1, 1]},
{"name": "Z-Pixel", "md5": "6dd575c46e9b898191a224ecf111a30e.json", "type": "sprite", "tags": ["letters", "drawing", "vector"], "info": [0, 1, 1]},
{"name": "0-Pixel", "md5": "0936c7f7d11e2fd3ea1bdd4f2a65a465.json", "type": "sprite", "tags": ["letters", "drawing", "vector"], "info": [0, 1, 1]},
{"name": "1-Pixel", "md5": "1a0efad20cbb46af54dc158d7d7bb446.json", "type": "sprite", "tags": ["letters", "drawing", "vector"], "info": [0, 1, 1]},
{"name": "2-Pixel", "md5": "51e6965c66e64cb8132903b3a8e27e50.json", "type": "sprite", "tags": ["letters", "drawing", "vector"], "info": [0, 1, 1]},
{"name": "3-Pixel", "md5": "ec2b064e6688abd42e4b7916d1eda2e7.json", "type": "sprite", "tags": ["letters", "drawing", "vector"], "info": [0, 1, 1]},
{"name": "4-Pixel", "md5": "70c221fb9e108397b547ae0cbe916127.json", "type": "sprite", "tags": ["letters", "drawing", "vector"], "info": [0, 1, 1]},
{"name": "5-Pixel", "md5": "5eb0f6eedbe2654a643d973737ec71a2.json", "type": "sprite", "tags": ["letters", "drawing", "vector"], "info": [0, 1, 1]},
{"name": "6-Pixel", "md5": "be8f33d9b6b93f5043db39ad7a80a153.json", "type": "sprite", "tags": ["letters", "drawing", "vector"], "info": [0, 1, 1]},
{"name": "7-Pixel", "md5": "2fd2e8627b2f9cc2ff1e1a50f246020e.json", "type": "sprite", "tags": ["letters", "drawing", "vector"], "info": [0, 1, 1]},
{"name": "8-Pixel", "md5": "419c55c94b92963c786da9b6482e4555.json", "type": "sprite", "tags": ["letters", "drawing", "vector"], "info": [0, 1, 1]},
{"name": "9-Pixel", "md5": "eac69a85821f1df447cdc234cbe84a97.json", "type": "sprite", "tags": ["letters", "drawing", "vector"], "info": [0, 1, 1]},
{"name": "A-Story", "md5": "f25f581e36536f55335cb867441eb206.json", "type": "sprite", "tags": ["letters", "drawing", "vector"], "info": [0, 3, 1]},
{"name": "B-Story", "md5": "78af2ae5a0da611ad1cf74ad88d0bbb0.json", "type": "sprite", "tags": ["letters", "drawing", "vector"], "info": [0, 3, 1]},
{"name": "C-Story", "md5": "87328df166a57264ff0f4f27f0930b5c.json", "type": "sprite", "tags": ["letters", "drawing", "vector"], "info": [0, 3, 1]},
{"name": "D-Story", "md5": "3ee1201a99aa0a0d6c56456e9b2cf5c2.json", "type": "sprite", "tags": ["letters", "drawing", "vector"], "info": [0, 3, 1]},
{"name": "E-Story", "md5": "cc6525124e8ebe950ad441d6ddc89fef.json", "type": "sprite", "tags": ["letters", "drawing", "vector"], "info": [0, 3, 1]},
{"name": "F-Story", "md5": "c615204ec4906b3284c245ca00ce8111.json", "type": "sprite", "tags": ["letters", "drawing", "vector"], "info": [0, 3, 1]},
{"name": "G-Story", "md5": "6cf1d1e00b8e815965267f28b1db07d8.json", "type": "sprite", "tags": ["letters", "drawing", "vector"], "info": [0, 3, 1]},
{"name": "H-Story", "md5": "048996c25168428b777bbb125987fda5.json", "type": "sprite", "tags": ["letters", "drawing", "vector"], "info": [0, 3, 1]},
{"name": "I-Story", "md5": "9a095b0b7468f6e80b4723ca4149b585.json", "type": "sprite", "tags": ["letters", "drawing", "vector"], "info": [0, 3, 1]},
{"name": "J-Story", "md5": "dfb47013127b4cffe526ad09bc8f7ffe.json", "type": "sprite", "tags": ["letters", "drawing", "vector"], "info": [0, 3, 1]},
{"name": "K-Story", "md5": "25121240afa104ce53f9e669a1af167f.json", "type": "sprite", "tags": ["letters", "drawing", "vector"], "info": [0, 3, 1]},
{"name": "L-Story", "md5": "17761bcb5c68a3bfda2ba72042a3f12e.json", "type": "sprite", "tags": ["letters", "drawing", "vector"], "info": [0, 3, 1]},
{"name": "M-Story", "md5": "689cbc64663ef4450a0c0a55b0b6a856.json", "type": "sprite", "tags": ["letters", "drawing", "vector"], "info": [0, 3, 1]},
{"name": "N-Story", "md5": "5ae56082db003fc3ce5f912ce364cdea.json", "type": "sprite", "tags": ["letters", "drawing", "vector"], "info": [0, 3, 1]},
{"name": "O-Story", "md5": "a90be0dc1eaa0d52d7a438294ec80e0e.json", "type": "sprite", "tags": ["letters", "drawing", "vector"], "info": [0, 3, 1]},
{"name": "P-Story", "md5": "e7fecb300db1433efdd5ed415746f047.json", "type": "sprite", "tags": ["letters", "drawing", "vector"], "info": [0, 3, 1]},
{"name": "Q-Story", "md5": "217392a98f67893a5546768abbe9714c.json", "type": "sprite", "tags": ["letters", "drawing", "vector"], "info": [0, 3, 1]},
{"name": "R-Story", "md5": "4730a011bc3463a749065ec98995a0e2.json", "type": "sprite", "tags": ["letters", "drawing", "vector"], "info": [0, 3, 1]},
{"name": "S-Story", "md5": "e0b4eb0637057a203eefacaa0c9784dd.json", "type": "sprite", "tags": ["letters", "drawing", "vector"], "info": [0, 3, 1]},
{"name": "T-Story", "md5": "6a04947641ce9024c78120cef8ed7715.json", "type": "sprite", "tags": ["letters", "drawing", "vector"], "info": [0, 3, 1]},
{"name": "U-Story", "md5": "f6c112e30b129ba5664fe3f263459988.json", "type": "sprite", "tags": ["letters", "drawing", "vector"], "info": [0, 3, 1]},
{"name": "V-Story", "md5": "5dc323673359e449858a1051060ac2b1.json", "type": "sprite", "tags": ["letters", "drawing", "vector"], "info": [0, 3, 1]},
{"name": "W-Story", "md5": "93336b4a7a660e3dc2be3661a2884a48.json", "type": "sprite", "tags": ["letters", "drawing", "vector"], "info": [0, 3, 1]},
{"name": "X-Story", "md5": "3a4d51f1e2df6bf785208ca9c5b65c92.json", "type": "sprite", "tags": ["letters", "drawing", "vector"], "info": [0, 3, 1]},
{"name": "Y-Story", "md5": "2828a9c461747a48fc0c34846d83b2b8.json", "type": "sprite", "tags": ["letters", "drawing", "vector"], "info": [0, 3, 1]},
{"name": "Z-Story", "md5": "4a0f2901c77f3b9ef44b61b5e8fc3e68.json", "type": "sprite", "tags": ["letters", "drawing", "vector"], "info": [0, 3, 1]}
]