<xml xmlns="http://www.w3.org/1999/xhtml">
  <toolboxcategories>CAT_LOGIC,CAT_LOOPS,CAT_MATH,CAT_ARRAY,CAT_TEXT,CAT_VARIABLES,CAT_FUNCTIONS,CAT_ARDUINO,CAT_LCD_SCREEN,CAT_BLUETOOTH_MISC,CAT_ROBOT_MISC,CAT_APDS_9960_RGB_Gesture,CAT_OLED_U8G,CAT_LED_RGB_CHAIN,CAT_MATRIX_LED_RGB,CAT_DFRobot,CAT_ICN,CAT_ROBUNO,CAT_FISCHERTECHNIK,CAT_FLYCAMONE,CAT_MHK,CAT_BQ,CAT_JEULIN,CAT_GROVE,CAT_MULTIFUNCTION,CAT_TECHNOZONE,CAT_TECHNOZONE_ROBOT,CAT_ZUMO,CAT_ROBOTS_MOTORS,CAT_MBOT_1,CAT_MBOT_2,CAT_MBOT_3,CAT_MBOT_4,CAT_ARDUINO_SERVO,CAT_STEPPER,CAT_ESUS,CAT_BT_ELECTRONICS,CAT_jfblocks,CAT_COLLYC,CAT_SHARP</toolboxcategories>
  <toolbox>toolbox_arduino_all</toolbox>
  <block type="variables_set" id="1" inline="true" x="-188" y="-88">
    <field name="VAR">LumG</field>
    <value name="VALUE">
      <block type="inout_analog_read_validator" id="cXHX:e#4P7XW@HbIW[O{">
        <field name="PIN">A1</field>
        <comment pinned="true" h="78" w="193">capteur lumière gauche
valeur &gt; 800 sol banc
valeur &lt; 800 sol noir
        </comment>
      </block>
    </value>
    <next>
      <block type="variables_set" id="3" inline="true">
        <field name="VAR">LumD</field>
        <value name="VALUE">
          <block type="inout_analog_read_validator" id="PZCN4`|aMw{nuFMgOmsV">
            <field name="PIN">A0</field>
            <comment pinned="false" h="96" w="260">capteur lumière droite
valeur &gt; 800 sol blanc
valeur &lt; 800 sol noir
            </comment>
          </block>
        </value>
        <next>
          <block type="servo_attach" id="OB1rEZ|WQ~MUx^_KV/M!">
            <field name="SERVO_NAME">servo_gauche</field>
            <value name="PIN">
              <block type="math_number" id="z[+|rLq^:VsmfC4*KD^j">
                <field name="NUM">5</field>
              </block>
            </value>
            <next>
              <block type="servo_attach" id="VSvz:ObJt^v,I`kl(j,y">
                <field name="SERVO_NAME">servo_droite</field>
                <value name="PIN">
                  <block type="math_number" id="8?WHahZ~Q4OZ%#%h!EH4">
                    <field name="NUM">6</field>
                  </block>
                </value>
                <next>
                  <block type="inout_digital_write" id="10">
                    <value name="PIN">
                      <block type="math_number" id="b?2cA1?DRtPv6erX?7Q3">
                        <field name="NUM">2</field>
                      </block>
                    </value>
                    <value name="STAT">
                      <block type="logic_boolean" id="/NSw4O*nNy-Du?qZ8CmK">
                        <field name="BOOL">TRUE</field>
                      </block>
                    </value>
                    <next>
                      <block type="serial_print" id="11" inline="false">
                        <value name="CONTENT">
                          <block type="text" id="12">
                            <field name="TEXT">gauche =</field>
                          </block>
                        </value>
                        <next>
                          <block type="serial_print" id="13" inline="false">
                            <value name="CONTENT">
                              <block type="variables_get" id="14">
                                <field name="VAR">LumG</field>
                              </block>
                            </value>
                            <next>
                              <block type="serial_print" id="15" inline="false">
                                <value name="CONTENT">
                                  <block type="text" id="16">
                                    <field name="TEXT">droite = </field>
                                  </block>
                                </value>
                                <next>
                                  <block type="serial_print" id="17" inline="false">
                                    <value name="CONTENT">
                                      <block type="variables_get" id="18">
                                        <field name="VAR">LumD</field>
                                      </block>
                                    </value>
                                    <next>
                                      <block type="base_delay" id="19">
                                        <value name="DELAY_TIME">
                                          <block type="math_number" id="20">
                                            <field name="NUM">50</field>
                                          </block>
                                        </value>
                                        <next>
                                          <block type="controls_if" id="21" inline="false">
                                            <mutation else="1"></mutation>
                                            <value name="IF0">
                                              <block type="logic_operation" id="22">
                                                <field name="OP">AND</field>
                                                <value name="A">
                                                  <block type="logic_compare" id="23">
                                                    <field name="OP">GT</field>
                                                    <value name="A">
                                                      <block type="variables_get" id="24">
                                                        <field name="VAR">LumG</field>
                                                      </block>
                                                    </value>
                                                    <value name="B">
                                                      <block type="math_number" id="25">
                                                        <field name="NUM">800</field>
                                                      </block>
                                                    </value>
                                                  </block>
                                                </value>
                                                <value name="B">
                                                  <block type="logic_compare" id="26">
                                                    <field name="OP">GT</field>
                                                    <value name="A">
                                                      <block type="variables_get" id="27">
                                                        <field name="VAR">LumD</field>
                                                      </block>
                                                    </value>
                                                    <value name="B">
                                                      <block type="math_number" id="28">
                                                        <field name="NUM">800</field>
                                                      </block>
                                                    </value>
                                                  </block>
                                                </value>
                                              </block>
                                            </value>
                                            <statement name="DO0">
                                              <block type="procedures_callnoreturn" id="97">
                                                <mutation name="avancer"></mutation>
                                              </block>
                                            </statement>
                                            <statement name="ELSE">
                                              <block type="controls_if" id="116" inline="false">
                                                <mutation else="1"></mutation>
                                                <value name="IF0">
                                                  <block type="logic_operation" id="117">
                                                    <field name="OP">AND</field>
                                                    <value name="A">
                                                      <block type="logic_compare" id="118">
                                                        <field name="OP">LT</field>
                                                        <value name="A">
                                                          <block type="variables_get" id="119">
                                                            <field name="VAR">LumG</field>
                                                          </block>
                                                        </value>
                                                        <value name="B">
                                                          <block type="math_number" id="120">
                                                            <field name="NUM">800</field>
                                                          </block>
                                                        </value>
                                                      </block>
                                                    </value>
                                                    <value name="B">
                                                      <block type="logic_compare" id="121">
                                                        <field name="OP">LT</field>
                                                        <value name="A">
                                                          <block type="variables_get" id="122">
                                                            <field name="VAR">LumD</field>
                                                          </block>
                                                        </value>
                                                        <value name="B">
                                                          <block type="math_number" id="123">
                                                            <field name="NUM">800</field>
                                                          </block>
                                                        </value>
                                                      </block>
                                                    </value>
                                                  </block>
                                                </value>
                                                <statement name="DO0">
                                                  <block type="procedures_callnoreturn" id="131">
                                                    <mutation name="stop"></mutation>
                                                  </block>
                                                </statement>
                                                <statement name="ELSE">
                                                  <block type="controls_if" id="98" inline="false">
                                                    <value name="IF0">
                                                      <block type="logic_operation" id="99">
                                                        <field name="OP">AND</field>
                                                        <value name="A">
                                                          <block type="logic_compare" id="100">
                                                            <field name="OP">GT</field>
                                                            <value name="A">
                                                              <block type="variables_get" id="101">
                                                                <field name="VAR">LumG</field>
                                                              </block>
                                                            </value>
                                                            <value name="B">
                                                              <block type="math_number" id="102">
                                                                <field name="NUM">800</field>
                                                              </block>
                                                            </value>
                                                          </block>
                                                        </value>
                                                        <value name="B">
                                                          <block type="logic_compare" id="103">
                                                            <field name="OP">LT</field>
                                                            <value name="A">
                                                              <block type="variables_get" id="104">
                                                                <field name="VAR">LumD</field>
                                                              </block>
                                                            </value>
                                                            <value name="B">
                                                              <block type="math_number" id="105">
                                                                <field name="NUM">800</field>
                                                              </block>
                                                            </value>
                                                          </block>
                                                        </value>
                                                      </block>
                                                    </value>
                                                    <statement name="DO0">
                                                      <block type="procedures_callnoreturn" id="162">
                                                        <mutation name="tourneD"></mutation>
                                                      </block>
                                                    </statement>
                                                    <next>
                                                      <block type="controls_if" id="107" inline="false">
                                                        <value name="IF0">
                                                          <block type="logic_operation" id="108">
                                                            <field name="OP">AND</field>
                                                            <value name="A">
                                                              <block type="logic_compare" id="109">
                                                                <field name="OP">LT</field>
                                                                <value name="A">
                                                                  <block type="variables_get" id="110">
                                                                    <field name="VAR">LumG</field>
                                                                  </block>
                                                                </value>
                                                                <value name="B">
                                                                  <block type="math_number" id="111">
                                                                    <field name="NUM">800</field>
                                                                  </block>
                                                                </value>
                                                              </block>
                                                            </value>
                                                            <value name="B">
                                                              <block type="logic_compare" id="112">
                                                                <field name="OP">GT</field>
                                                                <value name="A">
                                                                  <block type="variables_get" id="113">
                                                                    <field name="VAR">LumD</field>
                                                                  </block>
                                                                </value>
                                                                <value name="B">
                                                                  <block type="math_number" id="114">
                                                                    <field name="NUM">800</field>
                                                                  </block>
                                                                </value>
                                                              </block>
                                                            </value>
                                                          </block>
                                                        </value>
                                                        <statement name="DO0">
                                                          <block type="procedures_callnoreturn" id="171">
                                                            <mutation name="tourneG"></mutation>
                                                          </block>
                                                        </statement>
                                                      </block>
                                                    </next>
                                                  </block>
                                                </statement>
                                              </block>
                                            </statement>
                                          </block>
                                        </next>
                                      </block>
                                    </next>
                                  </block>
                                </next>
                              </block>
                            </next>
                          </block>
                        </next>
                      </block>
                    </next>
                  </block>
                </next>
              </block>
            </next>
          </block>
        </next>
      </block>
    </next>
  </block>
  <block type="procedures_defnoreturn" id="5" x="864" y="-113">
    <field name="NAME">reculer</field>
    <comment pinned="false" h="80" w="160">Décrire cette fonction</comment>
    <statement name="STACK">
      <block type="servo_move" id="53" inline="false">
        <field name="SERVO_NAME">servo_droite</field>
        <comment pinned="true" h="80" w="160">servomoteur de droite</comment>
        <value name="DEGREE">
          <block type="math_number" id="54">
            <field name="NUM">0</field>
          </block>
        </value>
        <next>
          <block type="servo_move" id="55" inline="false">
            <field name="SERVO_NAME">servo_gauche</field>
            <comment pinned="true" h="80" w="160">servo moteur de gauche</comment>
            <value name="DEGREE">
              <block type="math_number" id="57">
                <field name="NUM">180</field>
              </block>
            </value>
          </block>
        </next>
      </block>
    </statement>
  </block>
  <block type="procedures_defnoreturn" id="147" x="463" y="-88">
    <field name="NAME">tourneD</field>
    <comment pinned="false" h="80" w="160">Décrire cette fonction</comment>
    <statement name="STACK">
      <block type="servo_move" id="148" inline="false">
        <field name="SERVO_NAME">servo_droite</field>
        <value name="DEGREE">
          <block type="math_number" id="150">
            <field name="NUM">90</field>
          </block>
        </value>
        <next>
          <block type="servo_move" id="151" inline="false">
            <field name="SERVO_NAME">servo_droite</field>
            <value name="DEGREE">
              <block type="math_number" id="153">
                <field name="NUM">0</field>
              </block>
            </value>
          </block>
        </next>
      </block>
    </statement>
  </block>
  <block type="procedures_defnoreturn" id="58" x="867" y="196">
    <field name="NAME">avancer</field>
    <comment pinned="false" h="80" w="160">Décrire cette fonction</comment>
    <statement name="STACK">
      <block type="servo_move" id="59" inline="false">
        <field name="SERVO_NAME">servo_droite</field>
        <value name="DEGREE">
          <block type="math_number" id="61">
            <field name="NUM">180</field>
          </block>
        </value>
        <next>
          <block type="servo_move" id="62" inline="false">
            <field name="SERVO_NAME">servo_gauche</field>
            <value name="DEGREE">
              <block type="math_number" id="64">
                <field name="NUM">0</field>
              </block>
            </value>
          </block>
        </next>
      </block>
    </statement>
  </block>
  <block type="procedures_defnoreturn" id="140" x="463" y="237">
    <field name="NAME">tourneG</field>
    <comment pinned="false" h="80" w="160">Décrire cette fonction</comment>
    <statement name="STACK">
      <block type="servo_move" id="141" inline="false">
        <field name="SERVO_NAME">servo_droite</field>
        <value name="DEGREE">
          <block type="math_number" id="143">
            <field name="NUM">180</field>
          </block>
        </value>
        <next>
          <block type="servo_move" id="144" inline="false">
            <field name="SERVO_NAME">servo_gauche</field>
            <value name="DEGREE">
              <block type="math_number" id="146">
                <field name="NUM">90</field>
              </block>
            </value>
          </block>
        </next>
      </block>
    </statement>
  </block>
  <block type="procedures_defnoreturn" id="74" x="869" y="518">
    <field name="NAME">stop</field>
    <comment pinned="false" h="80" w="160">Décrire cette fonction</comment>
    <statement name="STACK">
      <block type="servo_move" id="75" inline="false">
        <field name="SERVO_NAME">servo_droite</field>
        <value name="DEGREE">
          <block type="math_number" id="77">
            <field name="NUM">90</field>
          </block>
        </value>
        <next>
          <block type="servo_move" id="78" inline="false">
            <field name="SERVO_NAME">servo_gauche</field>
            <value name="DEGREE">
              <block type="math_number" id="80">
                <field name="NUM">90</field>
              </block>
            </value>
          </block>
        </next>
      </block>
    </statement>
  </block>
</xml>