[
    {
        "source_url": "./blink/blink.xml",
        "source_text": "le tout premier exercice : faire clignoter une diode",
        "image": "./blink/blink.jpg",
        "link_url": "",
        "link_text": "",
        "visible": true
    },
    {
        "source_url": "./mBot/mbot_eviter_obstacles/mbot_eviter_obstacles.xml",
        "source_text": "Robot mBot éviteur obstacles",
        "image": "./mBot/mbot_eviter_obstacles/mbot_eviter_obstacles.jpg",
        "link_url": "",
        "link_text": "",
        "visible": true
    },
    {
        "source_url": "./mBot/mbot_suiveur_ligne/mbot_suiveur_ligne.xml",
        "source_text": "Robot mBot suiveur de ligne",
        "image": "./mBot/mbot_suiveur_ligne/mbot_suiveur_ligne.jpg",
        "link_url": "",
        "link_text": "",
        "visible": true
    },
    {
        "source_url": "./grenouille/grenouille.xml",
        "source_text": "faire avancer un robot qui stoppe quand un objet est à moins de 10cm",
        "image": "./grenouille/grenouille.jpg",
        "link_url": "http://fablabo.net/wiki/FablabJunior_Automne_2015/Projet4",
        "link_text": "sur Fablabo",
        "visible": true
    },
    {
        "source_url": "./servo_potentio/servo_potentio.xml",
        "source_text": "faire varier l'angle d'un servomoteur proportionnellement au potentiomètre",
        "image": "./servo_potentio/servo_potentio.jpg",
        "link_url": "",
        "link_text": "",
        "visible": true
    },
    {
        "source_url": "./suiveur_de_ligne/suiveur_de_ligne.xml",
        "source_text": "les détecteurs mesurent l'intensité lumineuse renvoyée par la table de chaque côté, puis stoppent ou font tourner les servomoteurs",
        "image": "./suiveur_de_ligne/suiveur_de_ligne.jpg",
        "link_url": "http://fablabo.net/wiki/FablabJunior_Automne_2015/Projet2",
        "link_text": "sur Fablabo",
        "visible": true
    },
    {
        "source_url": "./BT_PAF_Nantes/BT_PAF_Nantes.xml",
        "source_text": "voici comment connecter une carte Bluetooth pour commencer à recueillir des informations envoyées",
        "image": "./BT_PAF_Nantes/BT_PAF_Nantes.jpg",
        "link_url": "",
        "link_text": "",
        "visible": true
    },
    {
        "source_url": "./BT_piloter_DEL/BT_piloter_DEL.xml",
        "source_text": "suite à la connection Bluetooth, voici comment piloter une DEL par Android",
        "image": "./BT_piloter_DEL/BT_piloter_DEL.jpg",
        "link_url": "https://www.youtube-nocookie.com/embed/vlJl28qE5vg?list=PLwy0yw3Oq4-uFJl0j-efUAAlfCbqtcTMr",
        "link_text": "tutos vidéo",
        "visible": true
    },
    {
        "source_url": "./Otto/OttodanceALL.xml",
        "source_text": "Otto dance",
        "image": "./Otto/OttodanceALL.jpg",
        "link_url": "",
        "link_text": "",
        "visible": true
    },
    {
        "source_url": "./Otto/OttogestureALL.xml",
        "source_text": "Otto gestes",
        "image": "./Otto/OttogestureALL.jpg",
        "link_url": "",
        "link_text": "",
        "visible": true
    },
    {
        "source_url": "./Otto/OttomoveALL.xml",
        "source_text": "Otto bouge",
        "image": "./Otto/OttomoveALL.jpg",
        "link_url": "",
        "link_text": "",
        "visible": true
    },
    {
        "source_url": "./Otto/OttosoundALL.xml",
        "source_text": "Otto sons",
        "image": "./Otto/OttosoundALL.jpg",
        "link_url": "",
        "link_text": "",
        "visible": true
    },
    {
        "source_url": "./gant_sonar/gant_sonar1.xml",
        "source_text": "simulation d'un gant sonar 1 : une détection d'un obstacle fait vibrer un moteur",
        "image": "./gant_sonar/gant_sonar1.jpg",
        "link_url": "",
        "link_text": "",
        "visible": true
    },
    {
        "source_url": "./gant_sonar/gant_sonar2.xml",
        "source_text": "simulation d'un gant sonar 2 : une détection d'un obstacle à gauche ou à droite fait vibrer un moteur droit ou gauche",
        "image": "./gant_sonar/gant_sonar2.jpg",
        "link_url": "",
        "link_text": "",
        "visible": true
    },
    {
        "source_url": "./Starter_Kit/Starter_Kit_prj2/Starter_Kit_prj2.xml",
        "source_text": "Starter Kit Arduino : interface vaisseau spatial",
        "image": "./Starter_Kit/Starter_Kit_prj2/Starter_Kit_prj2.jpg",
        "link_url": "",
        "link_text": "",
        "visible": true
    },
    {
        "source_url": "./Starter_Kit/Starter_Kit/Starter_Kit_prj3/Starter_Kit_prj3.xml",
        "source_text": "Starter Kit Arduino : love-o-meter",
        "image": "./Starter_Kit/Starter_Kit_prj3/Starter_Kit_prj3.jpg",
        "link_url": "",
        "link_text": "",
        "visible": true
    },
    {
        "source_url": "./Starter_Kit/Starter_Kit_prj4/Starter_Kit_prj4.xml",
        "source_text": "Starter Kit Arduino : lampe d'ambiance",
        "image": "./Starter_Kit/Starter_Kit_prj4/Starter_Kit_prj4.jpg",
        "link_url": "",
        "link_text": "",
        "visible": true
    },
    {
        "source_url": "./Starter_Kit/Starter_Kit_prj5/Starter_Kit_prj5.xml",
        "source_text": "Starter Kit Arduino : Indicateur d'humeur",
        "image": "./Starter_Kit/Starter_Kit_prj5/Starter_Kit_prj5.jpg",
        "link_url": "",
        "link_text": "",
        "visible": true
    },
    {
        "source_url": "./Starter_Kit/Starter_Kit_prj6/Starter_Kit_prj6.xml",
        "source_text": "Starter Kit Arduino : Thérémine lumineux",
        "image": "./Starter_Kit/Starter_Kit_prj6/Starter_Kit_prj6.jpg",
        "link_url": "",
        "link_text": "",
        "visible": true
    },
    {
        "source_url": "./Starter_Kit/Starter_Kit_prj7/Starter_Kit_prj7.xml",
        "source_text": "Starter Kit Arduino : Clavier musical",
        "image": "./Starter_Kit/Starter_Kit_prj7/Starter_Kit_prj7.jpg",
        "link_url": "",
        "link_text": "",
        "visible": true
    },
    {
        "source_url": "./Starter_Kit/Starter_Kit_prj8/Starter_Kit_prj8.xml",
        "source_text": "Starter Kit Arduino : Sablier numérique",
        "image": "./Starter_Kit/Starter_Kit_prj8/Starter_Kit_prj8.jpg",
        "link_url": "",
        "link_text": "",
        "visible": true
    },
    {
        "source_url": "./RFID_lecture/RFID_lecture.xml",
        "source_text": "Module RFID : Lecture d'un tag",
        "image": "./RFID_lecture/RFID_lecture.jpg",
        "link_url": "",
        "link_text": "",
        "visible": true
    },
    {
        "source_url": "./RFID_test/RFID_test.xml",
        "source_text": "Module RFID : Contrôler l'accès à l'aide d'un tag",
        "image": "./RFID_test/RFID_test.jpg",
        "link_url": "",
        "link_text": "",
        "visible": true
    },
    {
        "source_url": "./HC-SR04/HC-SR04.xml",
        "source_text": "Capteur à ultrasons HC-SR04 : exemple de détection",
        "image": "./HC-SR04/HC-SR04.jpg",
        "link_url": "",
        "link_text": "",
        "visible": true
    },
    {
        "source_url": "./infrarouge_test/infrarouge_test.xml",
        "source_text": "Infrarouge : réception d'un code",
        "image": "./infrarouge_test/infrarouge_test.jpg",
        "link_url": "",
        "link_text": "",
        "visible": true
    },
    {
        "source_url": "./RF433_emission/RF433_emission.xml",
        "source_text": "RF433 : envoi d'un message radio",
        "image": "./RF433_emission/RF433_emission.jpg",
        "link_url": "",
        "link_text": "",
        "visible": true
    },
    {
        "source_url": "./RF433_reception/RF433_reception.xml",
        "source_text": "RF433 : réception d'un message radio",
        "image": "./RF433_reception/RF433_reception.jpg",
        "link_url": "",
        "link_text": "",
        "visible": true
    },
    {
        "source_url": "rvb/rvb.xml",
        "source_text": "faire clignoter la DEL en Rouge, Vert et Bleu",
        "image": "./rvb/rvb.png",
        "link_url": "",
        "link_text": "",
        "visible": true
    },
    {
        "source_url": "bp/bp.xml",
        "source_text": "faire clignoter une DEL pilotée par un bouton poussoir",
        "image": "./bp/bp.png",
        "link_url": "",
        "link_text": "",
        "visible": true
    },
    {
        "source_url": "moteur/moteur.xml",
        "source_text": "actionner un moteur pendant 3 secondes",
        "image": "./moteur/moteur.png",
        "link_url": "",
        "link_text": "",
        "visible": true
    },
    {
        "source_url": "buzzer/buzzer.xml",
        "source_text": "jouer 'joyeux anniversaire'",
        "image": "./buzzer/buzzer.png",
        "link_url": "",
        "link_text": "",
        "visible": true
    },
    {
        "source_url": "matrice/matrice.xml",
        "source_text": "faire un smiley avec une matrice de DEL",
        "image": "./matrice/matrice.png",
        "link_url": "",
        "link_text": "",
        "visible": true
    },
    {
        "source_url": "ligne/ligne.xml",
        "source_text": "actionner un moteur si une ligne noire est détectée",
        "image": "./ligne/ligne.png",
        "link_url": "",
        "link_text": "",
        "visible": true
    },
    {
        "source_url": "analogique/analogique.xml",
        "source_text": "afficher une grandeur analogique sur le port série",
        "image": "./analogique/analogique.png",
        "link_url": "",
        "link_text": "",
        "visible": true
    },
    {
        "source_url": "hum/hum.xml",
        "source_text": "afficher l'humidité et la température sur un écran LCD",
        "image": "./hum/hum.png",
        "link_url": "",
        "link_text": "",
        "visible": true
    },
    {
        "source_url": "potar/potar.xml",
        "source_text": "commander un servomoteur avec un potentiomètre",
        "image": "./potar/potar.png",
        "link_url": "",
        "link_text": "",
        "visible": true
    }
]