<xml xmlns="http://www.w3.org/1999/xhtml">
  <toolboxcategories>CAT_LOGIC,CAT_LOOPS,CAT_MATH,CAT_ARRAY,CAT_TEXT,CAT_VARIABLES,CAT_FUNCTIONS,CAT_ARDUINO,CAT_LCD_SCREEN,CAT_BLUETOOTH_MISC,CAT_ROBOT_MISC,CAT_APDS_9960_RGB_Gesture,CAT_OLED_U8G,CAT_LED_RGB_CHAIN,CAT_MATRIX_LED_RGB,CAT_DFRobot,CAT_ICN,CAT_ROBUNO,CAT_FISCHERTECHNIK,CAT_FLYCAMONE,CAT_MHK,CAT_BQ,CAT_JEULIN,CAT_GROVE,CAT_MULTIFUNCTION,CAT_TECHNOZONE,CAT_TECHNOZONE_ROBOT,CAT_ZUMO,CAT_ROBOTS_MOTORS,CAT_MBOT_1,CAT_MBOT_2,CAT_MBOT_3,CAT_MBOT_4,CAT_ARDUINO_SERVO,CAT_STEPPER,CAT_ESUS,CAT_BT_ELECTRONICS,CAT_jfblocks,CAT_COLLYC,CAT_SHARP</toolboxcategories>
  <toolbox>toolbox_arduino_all</toolbox>
  <block type="servo_attach" id="O1uII+YTDUG#qqh1U1D$" x="363" y="13">
    <field name="SERVO_NAME">servo_gauche</field>
    <value name="PIN">
      <block type="math_number" id="k6]R1mAlf%`d_s3ZWD.n">
        <field name="NUM">6</field>
      </block>
    </value>
    <next>
      <block type="servo_attach" id="hCBKvYtb[W0yN3)a4/NN">
        <field name="SERVO_NAME">servo_droite</field>
        <value name="PIN">
          <block type="math_number" id="6$FkE1iwFt0[[#r^%:$B">
            <field name="NUM">7</field>
          </block>
        </value>
        <next>
          <block type="variables_set" id="1" inline="true">
            <field name="VAR">distance</field>
            <value name="VALUE">
              <block type="bq_ultrason" id="2" inline="false">
                <value name="TRIGER">
                  <block type="math_number" id="3">
                    <field name="NUM">4</field>
                  </block>
                </value>
                <value name="DIST">
                  <block type="math_number" id="4">
                    <field name="NUM">5</field>
                  </block>
                </value>
              </block>
            </value>
            <next>
              <block type="serial_print" id="5" inline="false">
                <value name="CONTENT">
                  <block type="text" id="6">
                    <field name="TEXT">distance =</field>
                  </block>
                </value>
                <next>
                  <block type="serial_print" id="7" inline="false">
                    <value name="CONTENT">
                      <block type="variables_get" id="8">
                        <field name="VAR">distance</field>
                      </block>
                    </value>
                    <next>
                      <block type="controls_if" id="9" inline="false">
                        <mutation elseif="1"></mutation>
                        <value name="IF0">
                          <block type="logic_compare" id="10">
                            <field name="OP">LT</field>
                            <value name="A">
                              <block type="variables_get" id="11">
                                <field name="VAR">distance</field>
                              </block>
                            </value>
                            <value name="B">
                              <block type="math_number" id="12">
                                <field name="NUM">10</field>
                              </block>
                            </value>
                          </block>
                        </value>
                        <statement name="DO0">
                          <block type="procedures_callnoreturn" id="13">
                            <mutation name="stop"></mutation>
                          </block>
                        </statement>
                        <value name="IF1">
                          <block type="logic_compare" id="14">
                            <field name="OP">GT</field>
                            <value name="A">
                              <block type="variables_get" id="15">
                                <field name="VAR">distance</field>
                              </block>
                            </value>
                            <value name="B">
                              <block type="math_number" id="16">
                                <field name="NUM">10</field>
                              </block>
                            </value>
                          </block>
                        </value>
                        <statement name="DO1">
                          <block type="procedures_callnoreturn" id="17">
                            <mutation name="avancer"></mutation>
                          </block>
                        </statement>
                      </block>
                    </next>
                  </block>
                </next>
              </block>
            </next>
          </block>
        </next>
      </block>
    </next>
  </block>
  <block type="procedures_defnoreturn" id="18" x="1028" y="94">
    <field name="NAME">reculer</field>
    <comment pinned="false" h="80" w="160">Décrire cette fonction</comment>
    <statement name="STACK">
      <block type="servo_move" id="19" inline="false">
        <field name="SERVO_NAME">servo_droite</field>
        <comment pinned="true" h="80" w="160">gauche</comment>
        <value name="DEGREE">
          <block type="math_number" id="21">
            <field name="NUM">180</field>
          </block>
        </value>
        <next>
          <block type="servo_move" id="22" inline="false">
            <field name="SERVO_NAME">servo_gauche</field>
            <comment pinned="true" h="80" w="160">droite</comment>
            <value name="DEGREE">
              <block type="math_number" id="24">
                <field name="NUM">0</field>
              </block>
            </value>
          </block>
        </next>
      </block>
    </statement>
  </block>
  <block type="procedures_defnoreturn" id="25" x="1021" y="438">
    <field name="NAME">avancer</field>
    <comment pinned="false" h="80" w="160">Décrire cette fonction</comment>
    <statement name="STACK">
      <block type="servo_move" id="26" inline="false">
        <field name="SERVO_NAME">servo_droite</field>
        <comment pinned="true" h="80" w="160">gauche</comment>
        <value name="DEGREE">
          <block type="math_number" id="28">
            <field name="NUM">0</field>
          </block>
        </value>
        <next>
          <block type="servo_move" id="29" inline="false">
            <field name="SERVO_NAME">servo_gauche</field>
            <comment pinned="true" h="80" w="160">droite</comment>
            <value name="DEGREE">
              <block type="math_number" id="31">
                <field name="NUM">180</field>
              </block>
            </value>
          </block>
        </next>
      </block>
    </statement>
  </block>
  <block type="procedures_defnoreturn" id="32" x="588" y="613">
    <field name="NAME">stop</field>
    <comment pinned="false" h="80" w="160">Décrire cette fonction</comment>
    <statement name="STACK">
      <block type="servo_move" id="33" inline="false">
        <field name="SERVO_NAME">servo_droite</field>
        <comment pinned="true" h="80" w="160">gauche</comment>
        <value name="DEGREE">
          <block type="math_number" id="35">
            <field name="NUM">90</field>
          </block>
        </value>
        <next>
          <block type="servo_move" id="36" inline="false">
            <field name="SERVO_NAME">servo_gauche</field>
            <comment pinned="true" h="80" w="160">droite</comment>
            <value name="DEGREE">
              <block type="math_number" id="38">
                <field name="NUM">90</field>
              </block>
            </value>
          </block>
        </next>
      </block>
    </statement>
  </block>
</xml>