<xml xmlns="http://www.w3.org/1999/xhtml">
  <toolboxcategories>CAT_LOGIC,CAT_LOOPS,CAT_MATH,CAT_ARRAY,CAT_TEXT,CAT_VARIABLES,CAT_FUNCTIONS,CAT_ARDUINO,CAT_INFRA_3,CAT_RF433,CAT_RF433_3</toolboxcategories>
  <toolbox>toolbox_arduino_all</toolbox>
  <block type="rf433_init_receiver" id="!^W,yej4;YX1V^/},LqD" x="63" y="13">
    <value name="PIN">
      <shadow type="math_number" id="wH?wBka7+6Mg3f!tsdV8">
        <field name="NUM">11</field>
      </shadow>
    </value>
    <next>
      <block type="serial_init" id="|D3F{vrL(;0s3gR0YBQR">
        <field name="SPEED">9600</field>
        <next>
          <block type="rf433_wait_rx" id="Mr5]v!-U!tz$ex?c$R:i">
            <next>
              <block type="controls_if" id="M_v|ur#pxS2[j6S~6b})">
                <value name="IF0">
                  <block type="rf433_reception_message" id="mT~^lkk%C_ehLs{ODbf*"></block>
                </value>
                <statement name="DO0">
                  <block type="serial_print" id="2oD`-8s9lc+Nw{zQN^Zd">
                    <value name="CONTENT">
                      <shadow type="text" id="YI.`-7xSR:A-[p?%o#gP">
                        <field name="TEXT">Message reçu : </field>
                      </shadow>
                    </value>
                    <next>
                      <block type="serial_println" id="gYSM;L/76wp;7JIfymGz">
                        <value name="CONTENT">
                          <shadow type="text" id="PRW%Zz`K;Z0Q[wr0+](s">
                            <field name="TEXT"></field>
                          </shadow>
                          <block type="rf433_receive_message" id="/gj@sEHP*$*u?E(J+^}W"></block>
                        </value>
                        <next>
                          <block type="controls_if" id="KatwC)D.fD.d5Uze`1@6">
                            <value name="IF0">
                              <block type="text_compare_string" id="(uylG0gx1;P;MBN4_:f0">
                                <value name="STRING1">
                                  <block type="rf433_receive_message" id="5itQ|/DI=Y8bkX40tJ*^"></block>
                                </value>
                                <value name="STRING2">
                                  <block type="text" id="TExN:[u-WQQj~]QV[5*N">
                                    <field name="TEXT">Hello</field>
                                  </block>
                                </value>
                              </block>
                            </value>
                            <statement name="DO0">
                              <block type="inout_buildin_led" id="BzBZe)|_8u[Gb3:}**%[">
                                <field name="STAT">HIGH</field>
                                <next>
                                  <block type="base_delay" id="|}{TD9Fp}+e104Y+w$9N">
                                    <value name="DELAY_TIME">
                                      <shadow type="math_number" id="iv`U5rpH,d%CXAn7ZVIn">
                                        <field name="NUM">1000</field>
                                      </shadow>
                                    </value>
                                    <next>
                                      <block type="inout_buildin_led" id="];[(d@C{_Xa7ulumSPnU">
                                        <field name="STAT">LOW</field>
                                        <next>
                                          <block type="base_delay" id="A8yVi~RoSJKc)7QWbf|1">
                                            <value name="DELAY_TIME">
                                              <shadow type="math_number" id="i3:d?oR+2(WeOm9(Qm_L">
                                                <field name="NUM">1000</field>
                                              </shadow>
                                            </value>
                                          </block>
                                        </next>
                                      </block>
                                    </next>
                                  </block>
                                </next>
                              </block>
                            </statement>
                          </block>
                        </next>
                      </block>
                    </next>
                  </block>
                </statement>
              </block>
            </next>
          </block>
        </next>
      </block>
    </next>
  </block>
</xml>