{
	"objName": "Kai",
	"sounds": [{
			"soundName": "pop",
			"soundID": -1,
			"md5": "83a9787d4cb6f3b7632b4ddfebf74367.wav",
			"sampleCount": 258,
			"rate": 11025,
			"format": ""
		}],
	"costumes": [{
			"costumeName": "kai-a",
			"baseLayerID": -1,
			"baseLayerMD5": "6e007fde15e49c66ee7996561f80b452.png",
			"bitmapResolution": 2,
			"rotationCenterX": 68,
			"rotationCenterY": 160
		},
		{
			"costumeName": "kai-b",
			"baseLayerID": -1,
			"baseLayerMD5": "c1e1149f6d7e308e3e4eba14ccc8a751.png",
			"bitmapResolution": 2,
			"rotationCenterX": 82,
			"rotationCenterY": 158
		}],
	"currentCostumeIndex": 0,
	"scratchX": 0,
	"scratchY": 0,
	"scale": 1,
	"direction": 90,
	"rotationStyle": "normal",
	"isDraggable": false,
	"indexInLibrary": 100000,
	"visible": true,
	"spriteInfo": {
	}
}