{
	"objName": "Hat Beanie",
	"sounds": [{
			"soundName": "pop",
			"soundID": -1,
			"md5": "83a9787d4cb6f3b7632b4ddfebf74367.wav",
			"sampleCount": 258,
			"rate": 11025,
			"format": ""
		}],
	"costumes": [{
			"costumeName": "hat beanie",
			"baseLayerID": -1,
			"baseLayerMD5": "3271da33e4108ed08a303c2244739fbf.svg",
			"bitmapResolution": 1,
			"rotationCenterX": 28,
			"rotationCenterY": 19
		}],
	"currentCostumeIndex": 0,
	"scratchX": 0,
	"scratchY": 0,
	"scale": 1,
	"direction": 90,
	"rotationStyle": "normal",
	"isDraggable": true,
	"indexInLibrary": 100000,
	"visible": true,
	"spriteInfo": {
	}
}