{
	"objName": "H-Story",
	"sounds": [{
			"soundName": "pop",
			"soundID": -1,
			"md5": "83a9787d4cb6f3b7632b4ddfebf74367.wav",
			"sampleCount": 258,
			"rate": 11025,
			"format": ""
		}],
	"costumes": [{
			"costumeName": "H-story-1",
			"baseLayerID": -1,
			"baseLayerMD5": "2a0e1308d6cb806818af696a89b21863.svg",
			"bitmapResolution": 1,
			"rotationCenterX": 24,
			"rotationCenterY": 25
		},
		{
			"costumeName": "H-story-2",
			"baseLayerID": -1,
			"baseLayerMD5": "ca33be5270308a695c9b88af73f590dc.svg",
			"bitmapResolution": 1,
			"rotationCenterX": 24,
			"rotationCenterY": 25
		},
		{
			"costumeName": "H-story-3",
			"baseLayerID": -1,
			"baseLayerMD5": "668ba2b891f82ce78d8590f0287632b1.svg",
			"bitmapResolution": 1,
			"rotationCenterX": 22,
			"rotationCenterY": 24
		}],
	"currentCostumeIndex": 0,
	"scratchX": 0,
	"scratchY": 0,
	"scale": 1,
	"direction": 90,
	"rotationStyle": "normal",
	"isDraggable": false,
	"indexInLibrary": 100000,
	"visible": true,
	"spriteInfo": {
	}
}