{
	"objName": "Trumpet",
	"sounds": [{
			"soundName": "C trumpet",
			"soundID": -1,
			"md5": "8970afcdc4e47bb54959a81fe27522bd.wav",
			"sampleCount": 13118,
			"rate": 22050,
			"format": ""
		},
		{
			"soundName": "D trumpet",
			"soundID": -1,
			"md5": "0b1345b8fe2ba3076fedb4f3ae48748a.wav",
			"sampleCount": 12702,
			"rate": 22050,
			"format": ""
		},
		{
			"soundName": "E trumpet",
			"soundID": -1,
			"md5": "494295a92314cadb220945a6711c568c.wav",
			"sampleCount": 8680,
			"rate": 22050,
			"format": "adpcm"
		},
		{
			"soundName": "F trumpet",
			"soundID": -1,
			"md5": "5fa3108b119ca266029b4caa340a7cd0.wav",
			"sampleCount": 12766,
			"rate": 22050,
			"format": ""
		},
		{
			"soundName": "G trumpet",
			"soundID": -1,
			"md5": "e84afda25975f14b364118591538ccf4.wav",
			"sampleCount": 14640,
			"rate": 22050,
			"format": ""
		},
		{
			"soundName": "A trumpet",
			"soundID": -1,
			"md5": "d2dd6b4372ca17411965dc92d52b2172.wav",
			"sampleCount": 13911,
			"rate": 22050,
			"format": ""
		},
		{
			"soundName": "B trumpet",
			"soundID": -1,
			"md5": "cad2bc57729942ed9b605145fc9ea65d.wav",
			"sampleCount": 14704,
			"rate": 22050,
			"format": ""
		},
		{
			"soundName": "C2 trumpet",
			"soundID": -1,
			"md5": "df08249ed5446cc5e10b7ac62faac89b.wav",
			"sampleCount": 15849,
			"rate": 22050,
			"format": ""
		}],
	"costumes": [{
			"costumeName": "trumpet-a",
			"baseLayerID": -1,
			"baseLayerMD5": "3bcbd84df7924b6f97a2fa5d9bce56c8.svg",
			"bitmapResolution": 1,
			"rotationCenterX": 84,
			"rotationCenterY": 25
		},
		{
			"costumeName": "trumpet-a2",
			"baseLayerID": -1,
			"baseLayerMD5": "5c0db80c63a72e8ab07d047183575378.svg",
			"bitmapResolution": 1,
			"rotationCenterX": 84,
			"rotationCenterY": 25
		}],
	"currentCostumeIndex": 0,
	"scratchX": 0,
	"scratchY": 0,
	"scale": 1,
	"direction": 90,
	"rotationStyle": "normal",
	"isDraggable": false,
	"indexInLibrary": 100000,
	"visible": true,
	"spriteInfo": {
	}
}