{
	"objName": "8-Glow",
	"sounds": [{
			"soundName": "pop",
			"soundID": -1,
			"md5": "83a9787d4cb6f3b7632b4ddfebf74367.wav",
			"sampleCount": 258,
			"rate": 11025,
			"format": ""
		}],
	"costumes": [{
			"costumeName": "8-glow",
			"baseLayerID": -1,
			"baseLayerMD5": "4c42c4cb0c1e090d0f9570416d3c80c8.svg",
			"bitmapResolution": 1,
			"rotationCenterX": 31,
			"rotationCenterY": 37
		}],
	"currentCostumeIndex": 0,
	"scratchX": 0,
	"scratchY": 0,
	"scale": 1,
	"direction": 90,
	"rotationStyle": "normal",
	"isDraggable": false,
	"indexInLibrary": 100000,
	"visible": true,
	"spriteInfo": {
	}
}