{
	"objName": "Devin",
	"sounds": [{
			"soundName": "pop",
			"soundID": -1,
			"md5": "83a9787d4cb6f3b7632b4ddfebf74367.wav",
			"sampleCount": 258,
			"rate": 11025,
			"format": ""
		}],
	"costumes": [{
			"costumeName": "devin-a",
			"baseLayerID": -1,
			"baseLayerMD5": "b1897e56265470b55fa65fabe2423c55.svg",
			"bitmapResolution": 1,
			"rotationCenterX": 39,
			"rotationCenterY": 95
		},
		{
			"costumeName": "devin-b",
			"baseLayerID": -1,
			"baseLayerMD5": "873fbd641768c8f753a6568da97633e7.svg",
			"bitmapResolution": 1,
			"rotationCenterX": 40,
			"rotationCenterY": 96
		},
		{
			"costumeName": "devin-c",
			"baseLayerID": -1,
			"baseLayerMD5": "eac3c03d86cebb42c8f30e373cb7f623.svg",
			"bitmapResolution": 1,
			"rotationCenterX": 32,
			"rotationCenterY": 95
		},
		{
			"costumeName": "devin-d",
			"baseLayerID": -1,
			"baseLayerMD5": "fa6a75afb0e4b822b91d8bb20d40c68f.svg",
			"bitmapResolution": 1,
			"rotationCenterX": 41,
			"rotationCenterY": 95
		}],
	"currentCostumeIndex": 0,
	"scratchX": 0,
	"scratchY": 0,
	"scale": 1,
	"direction": 90,
	"rotationStyle": "normal",
	"isDraggable": false,
	"indexInLibrary": 100000,
	"visible": true,
	"spriteInfo": {
	}
}