{
	"objName": "Headband",
	"sounds": [{
			"soundName": "pop",
			"soundID": -1,
			"md5": "83a9787d4cb6f3b7632b4ddfebf74367.wav",
			"sampleCount": 258,
			"rate": 11025,
			"format": ""
		}],
	"costumes": [{
			"costumeName": "headband",
			"baseLayerID": -1,
			"baseLayerMD5": "961148d1605a1bd8ce80ed8d39e831c2.svg",
			"bitmapResolution": 1,
			"rotationCenterX": 53,
			"rotationCenterY": 43
		}],
	"currentCostumeIndex": 0,
	"scratchX": 0,
	"scratchY": 0,
	"scale": 1,
	"direction": 90,
	"rotationStyle": "normal",
	"isDraggable": true,
	"indexInLibrary": 100000,
	"visible": true,
	"spriteInfo": {
	}
}