{
	"objName": "Cymbal",
	"sounds": [{
			"soundName": "crash cymbal",
			"soundID": -1,
			"md5": "f2c47a46f614f467a7ac802ed9ec3d8e.wav",
			"sampleCount": 25220,
			"rate": 22050,
			"format": ""
		},
		{
			"soundName": "hihat cymbal",
			"soundID": -1,
			"md5": "2d01f60d0f20ab39facbf707899c6b2a.wav",
			"sampleCount": 2752,
			"rate": 22050,
			"format": ""
		},
		{
			"soundName": "splash cymbal",
			"soundID": -1,
			"md5": "9d63ed5be96c43b06492e8b4a9cea8d8.wav",
			"sampleCount": 9600,
			"rate": 22050,
			"format": ""
		},
		{
			"soundName": "roll cymbal",
			"soundID": -1,
			"md5": "da8355d753cd2a5ddd19cb2bb41c1547.wav",
			"sampleCount": 26432,
			"rate": 22050,
			"format": ""
		},
		{
			"soundName": "bell cymbal",
			"soundID": -1,
			"md5": "efddec047de95492f775a1b5b2e8d19e.wav",
			"sampleCount": 19328,
			"rate": 22050,
			"format": ""
		}],
	"costumes": [{
			"costumeName": "cymbal-a",
			"baseLayerID": -1,
			"baseLayerMD5": "532860ee3ecfd05d5f473dbe3ea69c8e.svg",
			"bitmapResolution": 1,
			"rotationCenterX": 34,
			"rotationCenterY": 60
		},
		{
			"costumeName": "cymbal-b",
			"baseLayerID": -1,
			"baseLayerMD5": "ae5b19022fa882ff95790b25279b9a3f.svg",
			"bitmapResolution": 1,
			"rotationCenterX": 37,
			"rotationCenterY": 73
		}],
	"currentCostumeIndex": 0,
	"scratchX": 0,
	"scratchY": 0,
	"scale": 1,
	"direction": 90,
	"rotationStyle": "normal",
	"isDraggable": false,
	"indexInLibrary": 100000,
	"visible": true,
	"spriteInfo": {
	}
}