{
	"objName": "H-Pixel",
	"sounds": [{
			"soundName": "pop",
			"soundID": -1,
			"md5": "83a9787d4cb6f3b7632b4ddfebf74367.wav",
			"sampleCount": 258,
			"rate": 11025,
			"format": ""
		}],
	"costumes": [{
			"costumeName": "H-pixel",
			"baseLayerID": -1,
			"baseLayerMD5": "d9a94d9b9abc9e26eb91d22d197a1556.svg",
			"bitmapResolution": 1,
			"rotationCenterX": 15,
			"rotationCenterY": 20
		}],
	"currentCostumeIndex": 0,
	"scratchX": 0,
	"scratchY": 0,
	"scale": 1,
	"direction": 90,
	"rotationStyle": "normal",
	"isDraggable": false,
	"indexInLibrary": 100000,
	"visible": true,
	"spriteInfo": {
	}
}