{
	"objName": "Q-Story",
	"sounds": [{
			"soundName": "pop",
			"soundID": -1,
			"md5": "83a9787d4cb6f3b7632b4ddfebf74367.wav",
			"sampleCount": 258,
			"rate": 11025,
			"format": ""
		}],
	"costumes": [{
			"costumeName": "Q-story-1",
			"baseLayerID": -1,
			"baseLayerMD5": "484e44f908e84d795c87cf994364e722.svg",
			"bitmapResolution": 1,
			"rotationCenterX": 25,
			"rotationCenterY": 30
		},
		{
			"costumeName": "Q-story-2",
			"baseLayerID": -1,
			"baseLayerMD5": "31f28be74dc7de42a5c4a38504d666ca.svg",
			"bitmapResolution": 1,
			"rotationCenterX": 25,
			"rotationCenterY": 30
		},
		{
			"costumeName": "Q-story-3",
			"baseLayerID": -1,
			"baseLayerMD5": "aef19097378515308e934a79f147032e.svg",
			"bitmapResolution": 1,
			"rotationCenterX": 22,
			"rotationCenterY": 29
		}],
	"currentCostumeIndex": 0,
	"scratchX": 0,
	"scratchY": 0,
	"scale": 1,
	"direction": 90,
	"rotationStyle": "normal",
	"isDraggable": false,
	"indexInLibrary": 100000,
	"visible": true,
	"spriteInfo": {
	}
}