{
	"objName": "S-Pixel",
	"sounds": [{
			"soundName": "pop",
			"soundID": -1,
			"md5": "83a9787d4cb6f3b7632b4ddfebf74367.wav",
			"sampleCount": 258,
			"rate": 11025,
			"format": ""
		}],
	"costumes": [{
			"costumeName": "S-pixel",
			"baseLayerID": -1,
			"baseLayerMD5": "2fedb1b52f4a4500938a3a52085344e6.svg",
			"bitmapResolution": 1,
			"rotationCenterX": 13,
			"rotationCenterY": 20
		}],
	"currentCostumeIndex": 0,
	"scratchX": 0,
	"scratchY": 0,
	"scale": 1,
	"direction": 90,
	"rotationStyle": "normal",
	"isDraggable": false,
	"indexInLibrary": 100000,
	"visible": true,
	"spriteInfo": {
	}
}