{
	"objName": "Hippo1",
	"sounds": [{
			"soundName": "meow",
			"soundID": -1,
			"md5": "83c36d806dc92327b9e7049a565c6bff.wav",
			"sampleCount": 18688,
			"rate": 22050,
			"format": ""
		}],
	"costumes": [{
			"costumeName": "hippo1-a",
			"baseLayerID": -1,
			"baseLayerMD5": "c1353c4a5eec5e6f32ed053e6f6e8f99.svg",
			"bitmapResolution": 1,
			"rotationCenterX": 69,
			"rotationCenterY": 65
		},
		{
			"costumeName": "hippo1-b",
			"baseLayerID": -1,
			"baseLayerMD5": "e65ed93bbb9cccf698fc7e774ab609a6.svg",
			"bitmapResolution": 1,
			"rotationCenterX": 69,
			"rotationCenterY": 68
		}],
	"currentCostumeIndex": 0,
	"scratchX": 0,
	"scratchY": 0,
	"scale": 1,
	"direction": 90,
	"rotationStyle": "normal",
	"isDraggable": false,
	"indexInLibrary": 100000,
	"visible": true,
	"spriteInfo": {
	}
}