{
	"objName": "K-Story",
	"sounds": [{
			"soundName": "pop",
			"soundID": -1,
			"md5": "83a9787d4cb6f3b7632b4ddfebf74367.wav",
			"sampleCount": 258,
			"rate": 11025,
			"format": ""
		}],
	"costumes": [{
			"costumeName": "K-story-1",
			"baseLayerID": -1,
			"baseLayerMD5": "62dcc92dc3c6cb0271244190320c4f71.svg",
			"bitmapResolution": 1,
			"rotationCenterX": 24,
			"rotationCenterY": 26
		},
		{
			"costumeName": "K-story-2",
			"baseLayerID": -1,
			"baseLayerMD5": "ef02339e8a0382367f0b5a414915b885.svg",
			"bitmapResolution": 1,
			"rotationCenterX": 24,
			"rotationCenterY": 26
		},
		{
			"costumeName": "K-story-3",
			"baseLayerID": -1,
			"baseLayerMD5": "07977708617d12381b22d1ee0f4926a3.svg",
			"bitmapResolution": 1,
			"rotationCenterX": 21,
			"rotationCenterY": 24
		}],
	"currentCostumeIndex": 0,
	"scratchX": 0,
	"scratchY": 0,
	"scale": 1,
	"direction": 90,
	"rotationStyle": "normal",
	"isDraggable": false,
	"indexInLibrary": 100000,
	"visible": true,
	"spriteInfo": {
	}
}