{
	"objName": "G-Pixel",
	"sounds": [{
			"soundName": "pop",
			"soundID": -1,
			"md5": "83a9787d4cb6f3b7632b4ddfebf74367.wav",
			"sampleCount": 258,
			"rate": 11025,
			"format": ""
		}],
	"costumes": [{
			"costumeName": "G-pixel",
			"baseLayerID": -1,
			"baseLayerMD5": "203dfa253635f0e52059e835c51fa6f8.svg",
			"bitmapResolution": 1,
			"rotationCenterX": 15,
			"rotationCenterY": 22
		}],
	"currentCostumeIndex": 0,
	"scratchX": 0,
	"scratchY": 0,
	"scale": 1,
	"direction": 90,
	"rotationStyle": "normal",
	"isDraggable": false,
	"indexInLibrary": 100000,
	"visible": true,
	"spriteInfo": {
	}
}