{
	"objName": "Rainbow",
	"sounds": [{
			"soundName": "pop",
			"soundID": -1,
			"md5": "83a9787d4cb6f3b7632b4ddfebf74367.wav",
			"sampleCount": 258,
			"rate": 11025,
			"format": ""
		}],
	"costumes": [{
			"costumeName": "rainbow",
			"baseLayerID": -1,
			"baseLayerMD5": "680a806bd87a28c8b25b5f9b6347f022.svg",
			"bitmapResolution": 1,
			"rotationCenterX": 72,
			"rotationCenterY": 36
		}],
	"currentCostumeIndex": 0,
	"scratchX": 0,
	"scratchY": 0,
	"scale": 1,
	"direction": 90,
	"rotationStyle": "normal",
	"isDraggable": false,
	"indexInLibrary": 100000,
	"visible": true,
	"spriteInfo": {
	}
}