{
	"objName": "Y-Story",
	"sounds": [{
			"soundName": "pop",
			"soundID": -1,
			"md5": "83a9787d4cb6f3b7632b4ddfebf74367.wav",
			"sampleCount": 258,
			"rate": 11025,
			"format": ""
		}],
	"costumes": [{
			"costumeName": "Y-story-1",
			"baseLayerID": -1,
			"baseLayerMD5": "b3c252450d413fc75be0eafdbe4490dc.svg",
			"bitmapResolution": 1,
			"rotationCenterX": 22,
			"rotationCenterY": 27
		},
		{
			"costumeName": "Y-story-2",
			"baseLayerID": -1,
			"baseLayerMD5": "1cfa161ae5d60ea163e4e0aa34d08f02.svg",
			"bitmapResolution": 1,
			"rotationCenterX": 22,
			"rotationCenterY": 27
		},
		{
			"costumeName": "Y-story-3",
			"baseLayerID": -1,
			"baseLayerMD5": "a1fc3c0fa304255364c0f98547e0e448.svg",
			"bitmapResolution": 1,
			"rotationCenterX": 20,
			"rotationCenterY": 24
		}],
	"currentCostumeIndex": 0,
	"scratchX": 0,
	"scratchY": 0,
	"scale": 1,
	"direction": 90,
	"rotationStyle": "normal",
	"isDraggable": false,
	"indexInLibrary": 100000,
	"visible": true,
	"spriteInfo": {
	}
}