{
	"objName": "I-Glow",
	"sounds": [{
			"soundName": "pop",
			"soundID": -1,
			"md5": "83a9787d4cb6f3b7632b4ddfebf74367.wav",
			"sampleCount": 258,
			"rate": 11025,
			"format": ""
		}],
	"costumes": [{
			"costumeName": "I-glow",
			"baseLayerID": -1,
			"baseLayerMD5": "0e86de55840103dcd50199ab2b765de7.svg",
			"bitmapResolution": 1,
			"rotationCenterX": 21,
			"rotationCenterY": 38
		}],
	"currentCostumeIndex": 0,
	"scratchX": 0,
	"scratchY": 0,
	"scale": 1,
	"direction": 90,
	"rotationStyle": "normal",
	"isDraggable": false,
	"indexInLibrary": 100000,
	"visible": true,
	"spriteInfo": {
	}
}