{
	"objName": "Jaime Walking",
	"sounds": [{
			"soundName": "pop",
			"soundID": -1,
			"md5": "83a9787d4cb6f3b7632b4ddfebf74367.wav",
			"sampleCount": 258,
			"rate": 11025,
			"format": ""
		}],
	"costumes": [{
			"costumeName": "jaime walking-a",
			"baseLayerID": -1,
			"baseLayerMD5": "d6cc9814f7a6640e4c2b1a4276987dc5.png",
			"bitmapResolution": 2,
			"rotationCenterX": 106,
			"rotationCenterY": 172
		},
		{
			"costumeName": "jaime walking-b",
			"baseLayerID": -1,
			"baseLayerMD5": "7fb579a98d6db257f1b16109d3c4609a.png",
			"bitmapResolution": 2,
			"rotationCenterX": 52,
			"rotationCenterY": 176
		},
		{
			"costumeName": "jaime walking-c",
			"baseLayerID": -1,
			"baseLayerMD5": "5883bdefba451aaeac8d77c798d41eb0.png",
			"bitmapResolution": 2,
			"rotationCenterX": 88,
			"rotationCenterY": 170
		},
		{
			"costumeName": "jaime walking-d",
			"baseLayerID": -1,
			"baseLayerMD5": "4b9d2162e30dbb924840575ed35fddb0.png",
			"bitmapResolution": 2,
			"rotationCenterX": 46,
			"rotationCenterY": 174
		},
		{
			"costumeName": "jaime walking-e",
			"baseLayerID": -1,
			"baseLayerMD5": "63e56d28cc3e3d9b735e1f1d51248cc0.png",
			"bitmapResolution": 2,
			"rotationCenterX": 84,
			"rotationCenterY": 172
		}],
	"currentCostumeIndex": 0,
	"scratchX": 0,
	"scratchY": 0,
	"scale": 1,
	"direction": 90,
	"rotationStyle": "normal",
	"isDraggable": false,
	"indexInLibrary": 100000,
	"visible": true,
	"spriteInfo": {
	}
}