{
	"objName": "Parrot2",
	"sounds": [{
			"soundName": "squawk",
			"soundID": -1,
			"md5": "e140d7ff07de8fa35c3d1595bba835ac.wav",
			"sampleCount": 8208,
			"rate": 22050,
			"format": ""
		},
		{
			"soundName": "bird",
			"soundID": -1,
			"md5": "18bd4b634a3f992a16b30344c7d810e0.wav",
			"sampleCount": 3840,
			"rate": 11025,
			"format": ""
		}],
	"costumes": [{
			"costumeName": "parrot2-a",
			"baseLayerID": -1,
			"baseLayerMD5": "aba6f5539a5ac21863a3495d89947e66.svg",
			"bitmapResolution": 1,
			"rotationCenterX": 106,
			"rotationCenterY": 66
		},
		{
			"costumeName": "parrot2-b",
			"baseLayerID": -1,
			"baseLayerMD5": "9f0aac24e6b600b542613ab5c1461ae8.svg",
			"bitmapResolution": 1,
			"rotationCenterX": 83,
			"rotationCenterY": 13
		}],
	"currentCostumeIndex": 0,
	"scratchX": 0,
	"scratchY": 0,
	"scale": 1,
	"direction": 90,
	"rotationStyle": "normal",
	"isDraggable": false,
	"indexInLibrary": 100000,
	"visible": true,
	"spriteInfo": {
	}
}