{
	"objName": "Wizard1",
	"sounds": [{
			"soundName": "pop",
			"soundID": -1,
			"md5": "83a9787d4cb6f3b7632b4ddfebf74367.wav",
			"sampleCount": 258,
			"rate": 11025,
			"format": ""
		}],
	"costumes": [{
			"costumeName": "wizard1",
			"baseLayerID": -1,
			"baseLayerMD5": "e085c97691d16f0cc8a595ce1137e26c.svg",
			"bitmapResolution": 1,
			"rotationCenterX": 134,
			"rotationCenterY": 153
		}],
	"currentCostumeIndex": 0,
	"scratchX": 0,
	"scratchY": 0,
	"scale": 1,
	"direction": 90,
	"rotationStyle": "normal",
	"isDraggable": false,
	"indexInLibrary": 100000,
	"visible": true,
	"spriteInfo": {
	}
}