{
	"objName": "D-Money Hip-Hop",
	"sounds": [{
			"soundName": "dance celebrate",
			"soundID": -1,
			"md5": "0edb8fb88af19e6e17d0f8cf64c1d136.wav",
			"sampleCount": 176401,
			"rate": 22050,
			"format": "adpcm"
		}],
	"costumes": [{
			"costumeName": "dm stance",
			"baseLayerID": -1,
			"baseLayerMD5": "b30a60d31aebead577b73affd22bf30f.svg",
			"bitmapResolution": 1,
			"rotationCenterX": 55,
			"rotationCenterY": 119
		},
		{
			"costumeName": "dm top stand",
			"baseLayerID": -1,
			"baseLayerMD5": "cbf035d39d0a0bb070d2eb998cebd60d.png",
			"bitmapResolution": 2,
			"rotationCenterX": 82,
			"rotationCenterY": 244
		},
		{
			"costumeName": "dm top R leg",
			"baseLayerID": -1,
			"baseLayerMD5": "fcb8c2b6cf9b7e6ce9df521b2486deb3.png",
			"bitmapResolution": 2,
			"rotationCenterX": 218,
			"rotationCenterY": 232
		},
		{
			"costumeName": "dm top L leg",
			"baseLayerID": -1,
			"baseLayerMD5": "fd8bb9665fe078d2d95dbc35bccf4046.png",
			"bitmapResolution": 2,
			"rotationCenterX": 230,
			"rotationCenterY": 240
		},
		{
			"costumeName": "dm freeze",
			"baseLayerID": -1,
			"baseLayerMD5": "31e687f186b19ea120cd5cfc9dea2a3f.png",
			"bitmapResolution": 2,
			"rotationCenterX": 220,
			"rotationCenterY": 234
		},
		{
			"costumeName": "dm pop front",
			"baseLayerID": -1,
			"baseLayerMD5": "0b2fb609d6d10decfdd5a1c3b58369b4.png",
			"bitmapResolution": 2,
			"rotationCenterX": 92,
			"rotationCenterY": 234
		},
		{
			"costumeName": "dm pop down",
			"baseLayerID": -1,
			"baseLayerMD5": "3b65ce3551f9c111794f7f1fb8f325be.png",
			"bitmapResolution": 2,
			"rotationCenterX": 64,
			"rotationCenterY": 74
		},
		{
			"costumeName": "dm pop left",
			"baseLayerID": -1,
			"baseLayerMD5": "f636510e8ef231d7c0e72a572ce91c99.png",
			"bitmapResolution": 2,
			"rotationCenterX": 204,
			"rotationCenterY": 250
		},
		{
			"costumeName": "dm pop right",
			"baseLayerID": -1,
			"baseLayerMD5": "36b32430e45e071071052ef33c637f48.png",
			"bitmapResolution": 2,
			"rotationCenterX": 78,
			"rotationCenterY": 238
		},
		{
			"costumeName": "dm pop L arm",
			"baseLayerID": -1,
			"baseLayerMD5": "426e1520efc34fef45be0596fd5f7120.png",
			"bitmapResolution": 2,
			"rotationCenterX": 90,
			"rotationCenterY": 238
		},
		{
			"costumeName": "dm pop stand",
			"baseLayerID": -1,
			"baseLayerMD5": "370cc57b40f1f1d6e52d6330b73d207f.png",
			"bitmapResolution": 2,
			"rotationCenterX": 100,
			"rotationCenterY": 244
		},
		{
			"costumeName": "dm pop R arm",
			"baseLayerID": -1,
			"baseLayerMD5": "56fe91d2cf3ecb9d1b94006aee9eff79.png",
			"bitmapResolution": 2,
			"rotationCenterX": 80,
			"rotationCenterY": 240
		},
		{
			"costumeName": "dm top R leg2",
			"baseLayerID": -1,
			"baseLayerMD5": "fcb8c2b6cf9b7e6ce9df521b2486deb3.png",
			"bitmapResolution": 2,
			"rotationCenterX": 218,
			"rotationCenterY": 232
		}],
	"currentCostumeIndex": 0,
	"scratchX": 0,
	"scratchY": 0,
	"scale": 1,
	"direction": 90,
	"rotationStyle": "normal",
	"isDraggable": false,
	"indexInLibrary": 100000,
	"visible": true,
	"spriteInfo": {
	}
}