{
	"objName": "Scarf2",
	"sounds": [{
			"soundName": "pop",
			"soundID": -1,
			"md5": "83a9787d4cb6f3b7632b4ddfebf74367.wav",
			"sampleCount": 258,
			"rate": 11025,
			"format": ""
		}],
	"costumes": [{
			"costumeName": "scarf2",
			"baseLayerID": -1,
			"baseLayerMD5": "ce66662165e2756070f1b12e0a7cb5db.svg",
			"bitmapResolution": 1,
			"rotationCenterX": 23,
			"rotationCenterY": 16
		}],
	"currentCostumeIndex": 0,
	"scratchX": 0,
	"scratchY": 0,
	"scale": 1,
	"direction": 90,
	"rotationStyle": "normal",
	"isDraggable": true,
	"indexInLibrary": 100000,
	"visible": true,
	"spriteInfo": {
	}
}