{
	"objName": "Clouds",
	"sounds": [{
			"soundName": "pop",
			"soundID": -1,
			"md5": "83a9787d4cb6f3b7632b4ddfebf74367.wav",
			"sampleCount": 258,
			"rate": 11025,
			"format": ""
		}],
	"costumes": [{
			"costumeName": "cloud-a",
			"baseLayerID": -1,
			"baseLayerMD5": "c7d7de8e29179407f03b054fa640f4d0.svg",
			"bitmapResolution": 1,
			"rotationCenterX": 76,
			"rotationCenterY": 19
		},
		{
			"costumeName": "cloud-b",
			"baseLayerID": -1,
			"baseLayerMD5": "d8595350ebb460494c9189dabb968336.svg",
			"bitmapResolution": 1,
			"rotationCenterX": 101,
			"rotationCenterY": 20
		},
		{
			"costumeName": "cloud-c",
			"baseLayerID": -1,
			"baseLayerMD5": "395fc991e64ac0a4aa46758ab4bc65cb.svg",
			"bitmapResolution": 1,
			"rotationCenterX": 97,
			"rotationCenterY": 9
		},
		{
			"costumeName": "cloud-d",
			"baseLayerID": -1,
			"baseLayerMD5": "1767e704acb11ffa409f77cc79ba7e86.svg",
			"bitmapResolution": 1,
			"rotationCenterX": 87,
			"rotationCenterY": 21
		}],
	"currentCostumeIndex": 0,
	"scratchX": 0,
	"scratchY": 0,
	"scale": 1,
	"direction": 90,
	"rotationStyle": "normal",
	"isDraggable": false,
	"indexInLibrary": 100000,
	"visible": true,
	"spriteInfo": {
	}
}