{
	"objName": "X-Story",
	"sounds": [{
			"soundName": "pop",
			"soundID": -1,
			"md5": "83a9787d4cb6f3b7632b4ddfebf74367.wav",
			"sampleCount": 258,
			"rate": 11025,
			"format": ""
		}],
	"costumes": [{
			"costumeName": "X-story-1",
			"baseLayerID": -1,
			"baseLayerMD5": "92c452555b3d5a4993f107810043ea03.svg",
			"bitmapResolution": 1,
			"rotationCenterX": 22,
			"rotationCenterY": 26
		},
		{
			"costumeName": "X-story-2",
			"baseLayerID": -1,
			"baseLayerMD5": "f688425da41c2b7f80d4b8752de69bc9.svg",
			"bitmapResolution": 1,
			"rotationCenterX": 22,
			"rotationCenterY": 26
		},
		{
			"costumeName": "X-story-3",
			"baseLayerID": -1,
			"baseLayerMD5": "ec90479a0ce3c7706f1916daef0f3c67.svg",
			"bitmapResolution": 1,
			"rotationCenterX": 20,
			"rotationCenterY": 24
		}],
	"currentCostumeIndex": 0,
	"scratchX": 0,
	"scratchY": 0,
	"scale": 1,
	"direction": 90,
	"rotationStyle": "normal",
	"isDraggable": false,
	"indexInLibrary": 100000,
	"visible": true,
	"spriteInfo": {
	}
}