{
	"objName": "B-Glow",
	"sounds": [{
			"soundName": "pop",
			"soundID": -1,
			"md5": "83a9787d4cb6f3b7632b4ddfebf74367.wav",
			"sampleCount": 258,
			"rate": 11025,
			"format": ""
		}],
	"costumes": [{
			"costumeName": "B-glow",
			"baseLayerID": -1,
			"baseLayerMD5": "a2e95f268a6cab03f3e94b3b0b792d83.svg",
			"bitmapResolution": 1,
			"rotationCenterX": 32,
			"rotationCenterY": 35
		}],
	"currentCostumeIndex": 0,
	"scratchX": 0,
	"scratchY": 0,
	"scale": 1,
	"direction": 90,
	"rotationStyle": "normal",
	"isDraggable": false,
	"indexInLibrary": 100000,
	"visible": true,
	"spriteInfo": {
	}
}