{
	"objName": "D-Story",
	"sounds": [{
			"soundName": "pop",
			"soundID": -1,
			"md5": "83a9787d4cb6f3b7632b4ddfebf74367.wav",
			"sampleCount": 258,
			"rate": 11025,
			"format": ""
		}],
	"costumes": [{
			"costumeName": "D-story-1",
			"baseLayerID": -1,
			"baseLayerMD5": "dfd362f2da975c20aa7849a8fa2fb4df.svg",
			"bitmapResolution": 1,
			"rotationCenterX": 25,
			"rotationCenterY": 26
		},
		{
			"costumeName": "D-story-2",
			"baseLayerID": -1,
			"baseLayerMD5": "3e4cc4cff08bb42bc690eff66dffbbe9.svg",
			"bitmapResolution": 1,
			"rotationCenterX": 25,
			"rotationCenterY": 26
		},
		{
			"costumeName": "D-story-3",
			"baseLayerID": -1,
			"baseLayerMD5": "bd7f984fe82d9d0fdcff0a87b3c0f9e0.svg",
			"bitmapResolution": 1,
			"rotationCenterX": 22,
			"rotationCenterY": 23
		}],
	"currentCostumeIndex": 0,
	"scratchX": 0,
	"scratchY": 0,
	"scale": 1,
	"direction": 90,
	"rotationStyle": "normal",
	"isDraggable": false,
	"indexInLibrary": 100000,
	"visible": true,
	"spriteInfo": {
	}
}