{
	"objName": "V-block",
	"sounds": [{
			"soundName": "meow",
			"soundID": -1,
			"md5": "83c36d806dc92327b9e7049a565c6bff.wav",
			"sampleCount": 18688,
			"rate": 22050,
			"format": ""
		}],
	"costumes": [{
			"costumeName": "v-block",
			"baseLayerID": -1,
			"baseLayerMD5": "65e2f4821ab084827e22920acb61c92b.svg",
			"bitmapResolution": 1,
			"rotationCenterX": 35,
			"rotationCenterY": 41
		}],
	"currentCostumeIndex": 0,
	"scratchX": 0,
	"scratchY": 0,
	"scale": 1,
	"direction": 90,
	"rotationStyle": "normal",
	"isDraggable": false,
	"indexInLibrary": 100000,
	"visible": true,
	"spriteInfo": {
	}
}