{
	"objName": "R-Story",
	"sounds": [{
			"soundName": "pop",
			"soundID": -1,
			"md5": "83a9787d4cb6f3b7632b4ddfebf74367.wav",
			"sampleCount": 258,
			"rate": 11025,
			"format": ""
		}],
	"costumes": [{
			"costumeName": "R-story-1",
			"baseLayerID": -1,
			"baseLayerMD5": "55999cb6783ef8351d841294d75af942.svg",
			"bitmapResolution": 1,
			"rotationCenterX": 22,
			"rotationCenterY": 26
		},
		{
			"costumeName": "R-story-2",
			"baseLayerID": -1,
			"baseLayerMD5": "926f8ff770cb15b42b12f209fd02d98c.svg",
			"bitmapResolution": 1,
			"rotationCenterX": 22,
			"rotationCenterY": 26
		},
		{
			"costumeName": "R-story-3",
			"baseLayerID": -1,
			"baseLayerMD5": "a66d8f0ba6d40c624873edc8df58c014.svg",
			"bitmapResolution": 1,
			"rotationCenterX": 20,
			"rotationCenterY": 23
		}],
	"currentCostumeIndex": 0,
	"scratchX": 0,
	"scratchY": 0,
	"scale": 1,
	"direction": 90,
	"rotationStyle": "normal",
	"isDraggable": false,
	"indexInLibrary": 100000,
	"visible": true,
	"spriteInfo": {
	}
}