{
	"objName": "Hat",
	"sounds": [{
			"soundName": "meow",
			"soundID": -1,
			"md5": "83c36d806dc92327b9e7049a565c6bff.wav",
			"sampleCount": 18688,
			"rate": 22050,
			"format": ""
		}],
	"costumes": [{
			"costumeName": "Hat",
			"baseLayerID": -1,
			"baseLayerMD5": "b3beb1f52d371428d70b65a0c4c5c001.svg",
			"bitmapResolution": 1,
			"rotationCenterX": 52,
			"rotationCenterY": 60
		}],
	"currentCostumeIndex": 0,
	"scratchX": 0,
	"scratchY": 0,
	"scale": 1,
	"direction": 90,
	"rotationStyle": "normal",
	"isDraggable": true,
	"indexInLibrary": 100000,
	"visible": true,
	"spriteInfo": {
	}
}