{
	"objName": "R-block",
	"sounds": [{
			"soundName": "meow",
			"soundID": -1,
			"md5": "83c36d806dc92327b9e7049a565c6bff.wav",
			"sampleCount": 18688,
			"rate": 22050,
			"format": ""
		}],
	"costumes": [{
			"costumeName": "r-block",
			"baseLayerID": -1,
			"baseLayerMD5": "73e8d46f7475476d8cb4cfcfc75ee50d.svg",
			"bitmapResolution": 1,
			"rotationCenterX": 22,
			"rotationCenterY": 33
		}],
	"currentCostumeIndex": 0,
	"scratchX": 0,
	"scratchY": 0,
	"scale": 1,
	"direction": 90,
	"rotationStyle": "normal",
	"isDraggable": false,
	"indexInLibrary": 100000,
	"visible": true,
	"spriteInfo": {
	}
}