{
	"objName": "Trees",
	"sounds": [{
			"soundName": "pop",
			"soundID": -1,
			"md5": "83a9787d4cb6f3b7632b4ddfebf74367.wav",
			"sampleCount": 258,
			"rate": 11025,
			"format": ""
		}],
	"costumes": [{
			"costumeName": "trees-a",
			"baseLayerID": -1,
			"baseLayerMD5": "866ed2c2971bb04157e14e935ac8521c.svg",
			"bitmapResolution": 1,
			"rotationCenterX": 49,
			"rotationCenterY": 94
		},
		{
			"costumeName": "trees-b",
			"baseLayerID": -1,
			"baseLayerMD5": "f1393dde1bb0fc512577995b27616d86.svg",
			"bitmapResolution": 1,
			"rotationCenterX": 36,
			"rotationCenterY": 87
		}],
	"currentCostumeIndex": 0,
	"scratchX": 0,
	"scratchY": 0,
	"scale": 1,
	"direction": 90,
	"rotationStyle": "normal",
	"isDraggable": false,
	"indexInLibrary": 100000,
	"visible": true,
	"spriteInfo": {
	}
}