{
	"objName": "W-block",
	"sounds": [{
			"soundName": "meow",
			"soundID": -1,
			"md5": "83c36d806dc92327b9e7049a565c6bff.wav",
			"sampleCount": 18688,
			"rate": 22050,
			"format": ""
		}],
	"costumes": [{
			"costumeName": "w-block",
			"baseLayerID": -1,
			"baseLayerMD5": "5ab197b4f70b2f98a3658c7ccdc3351d.svg",
			"bitmapResolution": 1,
			"rotationCenterX": 47,
			"rotationCenterY": 39
		}],
	"currentCostumeIndex": 0,
	"scratchX": 0,
	"scratchY": 0,
	"scale": 1,
	"direction": 90,
	"rotationStyle": "normal",
	"isDraggable": false,
	"indexInLibrary": 100000,
	"visible": true,
	"spriteInfo": {
	}
}