{
	"objName": "Jaime",
	"sounds": [{
			"soundName": "pop",
			"soundID": -1,
			"md5": "83a9787d4cb6f3b7632b4ddfebf74367.wav",
			"sampleCount": 258,
			"rate": 11025,
			"format": ""
		}],
	"costumes": [{
			"costumeName": "jaime-a",
			"baseLayerID": -1,
			"baseLayerMD5": "3ddc912edef87ae29121f57294fa0cb5.png",
			"bitmapResolution": 2,
			"rotationCenterX": 76,
			"rotationCenterY": 154
		},
		{
			"costumeName": "jaime-b",
			"baseLayerID": -1,
			"baseLayerMD5": "5a683f4536abca0f83a77bc341df4c9a.png",
			"bitmapResolution": 2,
			"rotationCenterX": 68,
			"rotationCenterY": 154
		}],
	"currentCostumeIndex": 0,
	"scratchX": 0,
	"scratchY": 0,
	"scale": 1,
	"direction": 90,
	"rotationStyle": "normal",
	"isDraggable": false,
	"indexInLibrary": 100000,
	"visible": true,
	"spriteInfo": {
	}
}