{
	"objName": "N-Story",
	"sounds": [{
			"soundName": "pop",
			"soundID": -1,
			"md5": "83a9787d4cb6f3b7632b4ddfebf74367.wav",
			"sampleCount": 258,
			"rate": 11025,
			"format": ""
		}],
	"costumes": [{
			"costumeName": "N-story-1",
			"baseLayerID": -1,
			"baseLayerMD5": "293589fd5bbc358a20c165ab49c19833.svg",
			"bitmapResolution": 1,
			"rotationCenterX": 26,
			"rotationCenterY": 25
		},
		{
			"costumeName": "N-story-2",
			"baseLayerID": -1,
			"baseLayerMD5": "5e07ee61cb20bc575720774584dfec53.svg",
			"bitmapResolution": 1,
			"rotationCenterX": 26,
			"rotationCenterY": 25
		},
		{
			"costumeName": "N-story-3",
			"baseLayerID": -1,
			"baseLayerMD5": "435697335345f946d943c1d89fdb459a.svg",
			"bitmapResolution": 1,
			"rotationCenterX": 24,
			"rotationCenterY": 23
		}],
	"currentCostumeIndex": 0,
	"scratchX": 0,
	"scratchY": 0,
	"scale": 1,
	"direction": 90,
	"rotationStyle": "normal",
	"isDraggable": false,
	"indexInLibrary": 100000,
	"visible": true,
	"spriteInfo": {
	}
}