{
	"objName": "Catherine Dance",
	"sounds": [{
			"soundName": "pop",
			"soundID": -1,
			"md5": "83a9787d4cb6f3b7632b4ddfebf74367.wav",
			"sampleCount": 258,
			"rate": 11025,
			"format": ""
		}],
	"costumes": [{
			"costumeName": "catherine-a",
			"baseLayerID": -1,
			"baseLayerMD5": "7f7684029e9726376aaaae1158439f3e.png",
			"bitmapResolution": 2,
			"rotationCenterX": 84,
			"rotationCenterY": 123
		},
		{
			"costumeName": "catherine-b",
			"baseLayerID": -1,
			"baseLayerMD5": "79052da8d59a6a16a0f6d09cd94237ae.png",
			"bitmapResolution": 2,
			"rotationCenterX": 179,
			"rotationCenterY": 133
		},
		{
			"costumeName": "catherine-c",
			"baseLayerID": -1,
			"baseLayerMD5": "6e34f695da1e18d53e6c050d95ba0e4a.png",
			"bitmapResolution": 2,
			"rotationCenterX": 103,
			"rotationCenterY": 28
		},
		{
			"costumeName": "catherine-d",
			"baseLayerID": -1,
			"baseLayerMD5": "feff7824a6fd6747391012dcfe9ac4f0.png",
			"bitmapResolution": 2,
			"rotationCenterX": 121,
			"rotationCenterY": 113
		}],
	"currentCostumeIndex": 0,
	"scratchX": 0,
	"scratchY": 0,
	"scale": 1,
	"direction": 90,
	"rotationStyle": "normal",
	"isDraggable": false,
	"indexInLibrary": 100000,
	"visible": true,
	"spriteInfo": {
	}
}