{
	"objName": "5-Pixel",
	"sounds": [{
			"soundName": "pop",
			"soundID": -1,
			"md5": "83a9787d4cb6f3b7632b4ddfebf74367.wav",
			"sampleCount": 258,
			"rate": 11025,
			"format": ""
		}],
	"costumes": [{
			"costumeName": "5-pixel",
			"baseLayerID": -1,
			"baseLayerMD5": "aef915acf1d49deed46692411e6c6039.svg",
			"bitmapResolution": 1,
			"rotationCenterX": 12,
			"rotationCenterY": 19
		}],
	"currentCostumeIndex": 0,
	"scratchX": 0,
	"scratchY": 0,
	"scale": 1,
	"direction": 90,
	"rotationStyle": "normal",
	"isDraggable": false,
	"indexInLibrary": 100000,
	"visible": true,
	"spriteInfo": {
	}
}