{
	"objName": "Microphone Stand",
	"sounds": [{
			"soundName": "bass beatbox",
			"soundID": -1,
			"md5": "28153621d293c86da0b246d314458faf.wav",
			"sampleCount": 6720,
			"rate": 22050,
			"format": ""
		},
		{
			"soundName": "hi beatbox",
			"soundID": -1,
			"md5": "5a07847bf246c227204728b05a3fc8f3.wav",
			"sampleCount": 5856,
			"rate": 22050,
			"format": ""
		},
		{
			"soundName": "snare beatbox",
			"soundID": -1,
			"md5": "726fea2968a387ef566c03d163f17668.wav",
			"sampleCount": 6102,
			"rate": 22050,
			"format": "adpcm"
		},
		{
			"soundName": "scratching beatbox",
			"soundID": -1,
			"md5": "859249563a7b1fc0f6e92e36d1db81c7.wav",
			"sampleCount": 11552,
			"rate": 22050,
			"format": ""
		},
		{
			"soundName": "crash beatbox",
			"soundID": -1,
			"md5": "725e29369e9138a43f11e0e5eb3eb562.wav",
			"sampleCount": 26883,
			"rate": 22050,
			"format": ""
		},
		{
			"soundName": "wub beatbox",
			"soundID": -1,
			"md5": "e1f32c057411da4237181ce72ae15d23.wav",
			"sampleCount": 7392,
			"rate": 22050,
			"format": ""
		},
		{
			"soundName": "hihat beatbox",
			"soundID": -1,
			"md5": "0c77025e2e874f05cd3c7d850874d56d.wav",
			"sampleCount": 4274,
			"rate": 22050,
			"format": ""
		},
		{
			"soundName": "rim beatbox",
			"soundID": -1,
			"md5": "7ede1382b578d8fc32850b48d082d914.wav",
			"sampleCount": 4960,
			"rate": 22050,
			"format": ""
		},
		{
			"soundName": "clap beatbox",
			"soundID": -1,
			"md5": "abc70bb390f8e55f22f32265500d814a.wav",
			"sampleCount": 4224,
			"rate": 22050,
			"format": ""
		},
		{
			"soundName": "wah beatbox",
			"soundID": -1,
			"md5": "9021b7bb06f2399f18e2db4fb87095dc.wav",
			"sampleCount": 6624,
			"rate": 22050,
			"format": ""
		}],
	"costumes": [{
			"costumeName": "microphonestand",
			"baseLayerID": -1,
			"baseLayerMD5": "fe85f2d5a94d27b6d793361c3fddcf77.svg",
			"bitmapResolution": 1,
			"rotationCenterX": 57,
			"rotationCenterY": 55
		}],
	"currentCostumeIndex": 0,
	"scratchX": 0,
	"scratchY": 0,
	"scale": 1,
	"direction": 90,
	"rotationStyle": "normal",
	"isDraggable": false,
	"indexInLibrary": 100000,
	"visible": true,
	"spriteInfo": {
	}
}