{
	"objName": "Ball-Soccer",
	"sounds": [{
			"soundName": "pop",
			"soundID": -1,
			"md5": "83a9787d4cb6f3b7632b4ddfebf74367.wav",
			"sampleCount": 258,
			"rate": 11025,
			"format": ""
		}],
	"costumes": [{
			"costumeName": "ball-soccer",
			"baseLayerID": -1,
			"baseLayerMD5": "4e4cc84380ccf6d4e59e53bc6d3a0a3f.svg",
			"bitmapResolution": 1,
			"rotationCenterX": 32,
			"rotationCenterY": 34
		}],
	"currentCostumeIndex": 0,
	"scratchX": 0,
	"scratchY": 0,
	"scale": 1,
	"direction": 90,
	"rotationStyle": "normal",
	"isDraggable": false,
	"indexInLibrary": 100000,
	"visible": true,
	"spriteInfo": {
	}
}