{
	"objName": "Bowl",
	"sounds": [{
			"soundName": "boing",
			"soundID": -1,
			"md5": "53a3c2e27d1fb5fdb14aaf0cb41e7889.wav",
			"sampleCount": 6804,
			"rate": 22050,
			"format": "adpcm"
		},
		{
			"soundName": "water drop",
			"soundID": -1,
			"md5": "aa488de9e2c871e9d4faecd246ed737a.wav",
			"sampleCount": 8136,
			"rate": 22050,
			"format": "adpcm"
		}],
	"costumes": [{
			"costumeName": "bowl-a",
			"baseLayerID": -1,
			"baseLayerMD5": "86f616639846f06fef29931e6b9b59de.svg",
			"bitmapResolution": 1,
			"rotationCenterX": 30,
			"rotationCenterY": 15
		}],
	"currentCostumeIndex": 0,
	"scratchX": 0,
	"scratchY": 0,
	"scale": 1.2500000000000002,
	"direction": 90,
	"rotationStyle": "normal",
	"isDraggable": false,
	"indexInLibrary": 100000,
	"visible": true,
	"spriteInfo": {
	}
}