{
	"objName": "M-Story",
	"sounds": [{
			"soundName": "pop",
			"soundID": -1,
			"md5": "83a9787d4cb6f3b7632b4ddfebf74367.wav",
			"sampleCount": 258,
			"rate": 11025,
			"format": ""
		}],
	"costumes": [{
			"costumeName": "M-story-1",
			"baseLayerID": -1,
			"baseLayerMD5": "b27f166f9ab4a3fb93a50a77c58c3df3.svg",
			"bitmapResolution": 1,
			"rotationCenterX": 30,
			"rotationCenterY": 25
		},
		{
			"costumeName": "M-story-2",
			"baseLayerID": -1,
			"baseLayerMD5": "55f00a23d0f5cc57be9533f126a7ac8c.svg",
			"bitmapResolution": 1,
			"rotationCenterX": 30,
			"rotationCenterY": 25
		},
		{
			"costumeName": "M-story-3",
			"baseLayerID": -1,
			"baseLayerMD5": "613df2bd97784a239ab992f7a95458a0.svg",
			"bitmapResolution": 1,
			"rotationCenterX": 27,
			"rotationCenterY": 24
		}],
	"currentCostumeIndex": 0,
	"scratchX": 0,
	"scratchY": 0,
	"scale": 1,
	"direction": 90,
	"rotationStyle": "normal",
	"isDraggable": false,
	"indexInLibrary": 100000,
	"visible": true,
	"spriteInfo": {
	}
}