{
	"objName": "T-Story",
	"sounds": [{
			"soundName": "pop",
			"soundID": -1,
			"md5": "83a9787d4cb6f3b7632b4ddfebf74367.wav",
			"sampleCount": 258,
			"rate": 11025,
			"format": ""
		}],
	"costumes": [{
			"costumeName": "T-story-1",
			"baseLayerID": -1,
			"baseLayerMD5": "d3b342c795a620b69639c02a419e8535.svg",
			"bitmapResolution": 1,
			"rotationCenterX": 22,
			"rotationCenterY": 27
		},
		{
			"costumeName": "T-story-2",
			"baseLayerID": -1,
			"baseLayerMD5": "eeb0fd25c9273747ac38766d1959ba2b.svg",
			"bitmapResolution": 1,
			"rotationCenterX": 22,
			"rotationCenterY": 27
		},
		{
			"costumeName": "T-story-3",
			"baseLayerID": -1,
			"baseLayerMD5": "a9683d4946b08a76864a51bd21d811cb.svg",
			"bitmapResolution": 1,
			"rotationCenterX": 20,
			"rotationCenterY": 24
		}],
	"currentCostumeIndex": 0,
	"scratchX": 0,
	"scratchY": 0,
	"scale": 1,
	"direction": 90,
	"rotationStyle": "normal",
	"isDraggable": false,
	"indexInLibrary": 100000,
	"visible": true,
	"spriteInfo": {
	}
}