{
	"objName": "Taco",
	"sounds": [{
			"soundName": "pop",
			"soundID": -1,
			"md5": "83a9787d4cb6f3b7632b4ddfebf74367.wav",
			"sampleCount": 258,
			"rate": 11025,
			"format": ""
		}],
	"costumes": [{
			"costumeName": "taco-a",
			"baseLayerID": -1,
			"baseLayerMD5": "d224b30c54bd4d6000c935938c7f5d7e.svg",
			"bitmapResolution": 1,
			"rotationCenterX": 20,
			"rotationCenterY": 15
		},
		{
			"costumeName": "taco-b",
			"baseLayerID": -1,
			"baseLayerMD5": "6dee4f866d79e6475d9824ba11973037.svg",
			"bitmapResolution": 1,
			"rotationCenterX": 56,
			"rotationCenterY": 15
		}],
	"currentCostumeIndex": 0,
	"scratchX": 0,
	"scratchY": 0,
	"scale": 1,
	"direction": 90,
	"rotationStyle": "normal",
	"isDraggable": false,
	"indexInLibrary": 100000,
	"visible": true,
	"spriteInfo": {
	}
}