{
	"objName": "G-Story",
	"sounds": [{
			"soundName": "pop",
			"soundID": -1,
			"md5": "83a9787d4cb6f3b7632b4ddfebf74367.wav",
			"sampleCount": 258,
			"rate": 11025,
			"format": ""
		}],
	"costumes": [{
			"costumeName": "G-story-1",
			"baseLayerID": -1,
			"baseLayerMD5": "ee6454d15fbbe93e908a2ebbfad483a0.svg",
			"bitmapResolution": 1,
			"rotationCenterX": 23,
			"rotationCenterY": 25
		},
		{
			"costumeName": "G-story-2",
			"baseLayerID": -1,
			"baseLayerMD5": "991023d303f79ce092f070392ffbd69f.svg",
			"bitmapResolution": 1,
			"rotationCenterX": 23,
			"rotationCenterY": 25
		},
		{
			"costumeName": "G-story-3",
			"baseLayerID": -1,
			"baseLayerMD5": "38f22c0d8dbe541bde409ba1f241d4c1.svg",
			"bitmapResolution": 1,
			"rotationCenterX": 21,
			"rotationCenterY": 24
		}],
	"currentCostumeIndex": 0,
	"scratchX": 0,
	"scratchY": 0,
	"scale": 1,
	"direction": 90,
	"rotationStyle": "normal",
	"isDraggable": false,
	"indexInLibrary": 100000,
	"visible": true,
	"spriteInfo": {
	}
}