{
	"objName": "W-Glow",
	"sounds": [{
			"soundName": "pop",
			"soundID": -1,
			"md5": "83a9787d4cb6f3b7632b4ddfebf74367.wav",
			"sampleCount": 258,
			"rate": 11025,
			"format": ""
		}],
	"costumes": [{
			"costumeName": "W-glow",
			"baseLayerID": -1,
			"baseLayerMD5": "1a9ea7305a85b271c1de79beafe16cb4.svg",
			"bitmapResolution": 1,
			"rotationCenterX": 45,
			"rotationCenterY": 41
		}],
	"currentCostumeIndex": 0,
	"scratchX": 0,
	"scratchY": 0,
	"scale": 1,
	"direction": 90,
	"rotationStyle": "normal",
	"isDraggable": false,
	"indexInLibrary": 100000,
	"visible": true,
	"spriteInfo": {
	}
}