{
	"objName": "Maya",
	"sounds": [{
			"soundName": "pop",
			"soundID": -1,
			"md5": "83a9787d4cb6f3b7632b4ddfebf74367.wav",
			"sampleCount": 258,
			"rate": 11025,
			"format": ""
		}],
	"costumes": [{
			"costumeName": "maya",
			"baseLayerID": -1,
			"baseLayerMD5": "8b7ff2f1190825367112c2c076e34af3.png",
			"bitmapResolution": 2,
			"rotationCenterX": 72,
			"rotationCenterY": 138
		}],
	"currentCostumeIndex": 0,
	"scratchX": 0,
	"scratchY": 0,
	"scale": 1,
	"direction": 90,
	"rotationStyle": "normal",
	"isDraggable": false,
	"indexInLibrary": 100000,
	"visible": true,
	"spriteInfo": {
	}
}