{
	"objName": "Bowtie",
	"sounds": [{
			"soundName": "pop",
			"soundID": -1,
			"md5": "83a9787d4cb6f3b7632b4ddfebf74367.wav",
			"sampleCount": 258,
			"rate": 11025,
			"format": ""
		}],
	"costumes": [{
			"costumeName": "bowtie-a",
			"baseLayerID": -1,
			"baseLayerMD5": "534d9924d2f9bfe240f041e3ce55ccf5.svg",
			"bitmapResolution": 1,
			"rotationCenterX": 11,
			"rotationCenterY": 4
		},
		{
			"costumeName": "bowtie-b",
			"baseLayerID": -1,
			"baseLayerMD5": "8be1e90e19cd1faced8a2e83c2b5c90d.svg",
			"bitmapResolution": 1,
			"rotationCenterX": 11,
			"rotationCenterY": 4
		}],
	"currentCostumeIndex": 0,
	"scratchX": 0,
	"scratchY": 0,
	"scale": 1.6,
	"direction": 90,
	"rotationStyle": "normal",
	"isDraggable": true,
	"indexInLibrary": 100000,
	"visible": true,
	"spriteInfo": {
	}
}