{
	"objName": "Shirt Collar",
	"sounds": [{
			"soundName": "pop",
			"soundID": -1,
			"md5": "83a9787d4cb6f3b7632b4ddfebf74367.wav",
			"sampleCount": 258,
			"rate": 11025,
			"format": ""
		}],
	"costumes": [{
			"costumeName": "shirt collar-a",
			"baseLayerID": -1,
			"baseLayerMD5": "b7ecf6503e27e9ab5c086eaf07d22b94.svg",
			"bitmapResolution": 1,
			"rotationCenterX": 30,
			"rotationCenterY": 57
		},
		{
			"costumeName": "shirt collar-b",
			"baseLayerID": -1,
			"baseLayerMD5": "f1b20c3350e8a7e92a2fb1925ad4158b.svg",
			"bitmapResolution": 1,
			"rotationCenterX": 30,
			"rotationCenterY": 57
		},
		{
			"costumeName": "shirt collar-c",
			"baseLayerID": -1,
			"baseLayerMD5": "5f04b99416a794e04d0855f446780f18.svg",
			"bitmapResolution": 1,
			"rotationCenterX": 30,
			"rotationCenterY": 57
		}],
	"currentCostumeIndex": 0,
	"scratchX": 0,
	"scratchY": 0,
	"scale": 1,
	"direction": 90,
	"rotationStyle": "normal",
	"isDraggable": true,
	"indexInLibrary": 100000,
	"visible": true,
	"spriteInfo": {
	}
}