{
	"objName": "Avery Walking",
	"sounds": [{
			"soundName": "pop",
			"soundID": -1,
			"md5": "83a9787d4cb6f3b7632b4ddfebf74367.wav",
			"sampleCount": 258,
			"rate": 11025,
			"format": ""
		}],
	"costumes": [{
			"costumeName": "avery walking-a",
			"baseLayerID": -1,
			"baseLayerMD5": "ed334e546806dfbf26d2591d7ddb12d0.svg",
			"bitmapResolution": 1,
			"rotationCenterX": 50,
			"rotationCenterY": 95
		},
		{
			"costumeName": "avery walking-b",
			"baseLayerID": -1,
			"baseLayerMD5": "c295731e8666ad2e1575fb4b4f82988d.svg",
			"bitmapResolution": 1,
			"rotationCenterX": 50,
			"rotationCenterY": 102
		},
		{
			"costumeName": "avery walking-c",
			"baseLayerID": -1,
			"baseLayerMD5": "597a834225c9949e419dff7db1bc2453.svg",
			"bitmapResolution": 1,
			"rotationCenterX": 48,
			"rotationCenterY": 95
		},
		{
			"costumeName": "avery walking-d",
			"baseLayerID": -1,
			"baseLayerMD5": "ce9622d11d24607eec7988196b38c3c6.svg",
			"bitmapResolution": 1,
			"rotationCenterX": 50,
			"rotationCenterY": 101
		}],
	"currentCostumeIndex": 0,
	"scratchX": 0,
	"scratchY": 0,
	"scale": 1,
	"direction": 90,
	"rotationStyle": "leftRight",
	"isDraggable": false,
	"indexInLibrary": 100000,
	"visible": true,
	"spriteInfo": {
	}
}