{
	"objName": "Saxophone",
	"sounds": [{
			"soundName": "C sax",
			"soundID": -1,
			"md5": "4d2c939d6953b5f241a27a62cf72de64.wav",
			"sampleCount": 9491,
			"rate": 22050,
			"format": ""
		},
		{
			"soundName": "D sax",
			"soundID": -1,
			"md5": "39f41954a73c0e15d842061e1a4c5e1d.wav",
			"sampleCount": 9555,
			"rate": 22050,
			"format": ""
		},
		{
			"soundName": "E sax",
			"soundID": -1,
			"md5": "3568b7dfe173fab6877a9ff1dcbcf1aa.wav",
			"sampleCount": 7489,
			"rate": 22050,
			"format": ""
		},
		{
			"soundName": "F sax",
			"soundID": -1,
			"md5": "2ae3083817bcd595e26ea2884b6684d5.wav",
			"sampleCount": 7361,
			"rate": 22050,
			"format": "adpcm"
		},
		{
			"soundName": "G sax",
			"soundID": -1,
			"md5": "cefba5de46adfe5702485e0934bb1e13.wav",
			"sampleCount": 7349,
			"rate": 22050,
			"format": "adpcm"
		},
		{
			"soundName": "A sax",
			"soundID": -1,
			"md5": "420991e0d6d99292c6d736963842536a.wav",
			"sampleCount": 6472,
			"rate": 22050,
			"format": ""
		},
		{
			"soundName": "B sax",
			"soundID": -1,
			"md5": "653ebe92d491b49ad5d8101d629f567b.wav",
			"sampleCount": 9555,
			"rate": 22050,
			"format": ""
		},
		{
			"soundName": "C2 sax",
			"soundID": -1,
			"md5": "ea8d34b18c3d8fe328cea201666458bf.wav",
			"sampleCount": 7349,
			"rate": 22050,
			"format": "adpcm"
		}],
	"costumes": [{
			"costumeName": "saxophone-a",
			"baseLayerID": -1,
			"baseLayerMD5": "a09b114b0652006ac66def94548073a9.svg",
			"bitmapResolution": 1,
			"rotationCenterX": 69,
			"rotationCenterY": 80
		},
		{
			"costumeName": "saxophone-b",
			"baseLayerID": -1,
			"baseLayerMD5": "366c42cc65497f5007c9377a2d4d854b.svg",
			"bitmapResolution": 1,
			"rotationCenterX": 69,
			"rotationCenterY": 80
		}],
	"currentCostumeIndex": 0,
	"scratchX": 0,
	"scratchY": 0,
	"scale": 1,
	"direction": 90,
	"rotationStyle": "normal",
	"isDraggable": false,
	"indexInLibrary": 100000,
	"visible": true,
	"spriteInfo": {
	}
}