{
	"objName": "J-Pixel",
	"sounds": [{
			"soundName": "pop",
			"soundID": -1,
			"md5": "83a9787d4cb6f3b7632b4ddfebf74367.wav",
			"sampleCount": 258,
			"rate": 11025,
			"format": ""
		}],
	"costumes": [{
			"costumeName": "J-pixel",
			"baseLayerID": -1,
			"baseLayerMD5": "c18906f764b2889a8fc0b3c16db28bf0.svg",
			"bitmapResolution": 1,
			"rotationCenterX": 14,
			"rotationCenterY": 20
		}],
	"currentCostumeIndex": 0,
	"scratchX": 0,
	"scratchY": 0,
	"scale": 1,
	"direction": 90,
	"rotationStyle": "normal",
	"isDraggable": false,
	"indexInLibrary": 100000,
	"visible": true,
	"spriteInfo": {
	}
}