{
	"objName": "Drum-Snare",
	"sounds": [{
			"soundName": "tap snare",
			"soundID": -1,
			"md5": "d55b3954d72c6275917f375e49b502f3.wav",
			"sampleCount": 3296,
			"rate": 22050,
			"format": ""
		},
		{
			"soundName": "sidestick snare",
			"soundID": -1,
			"md5": "f6868ee5cf626fc4ef3ca1119dc95592.wav",
			"sampleCount": 2336,
			"rate": 22050,
			"format": ""
		},
		{
			"soundName": "flam snare",
			"soundID": -1,
			"md5": "3b6cce9f8c56c0537ca61eee3945cd1d.wav",
			"sampleCount": 4416,
			"rate": 22050,
			"format": ""
		}],
	"costumes": [{
			"costumeName": "drum snare-a",
			"baseLayerID": -1,
			"baseLayerMD5": "868f700de73a35c4d6fa4c93507c348d.svg",
			"bitmapResolution": 1,
			"rotationCenterX": 51,
			"rotationCenterY": 37
		},
		{
			"costumeName": "drum snare-b",
			"baseLayerID": -1,
			"baseLayerMD5": "93738cb485ef57cbd4b9bff386d0bba2.svg",
			"bitmapResolution": 1,
			"rotationCenterX": 57,
			"rotationCenterY": 59
		}],
	"currentCostumeIndex": 0,
	"scratchX": 0,
	"scratchY": 0,
	"scale": 1,
	"direction": 90,
	"rotationStyle": "normal",
	"isDraggable": false,
	"indexInLibrary": 100000,
	"visible": true,
	"spriteInfo": {
	}
}