{
	"objName": "Cat1 Flying",
	"sounds": [{
			"soundName": "pop",
			"soundID": -1,
			"md5": "83a9787d4cb6f3b7632b4ddfebf74367.wav",
			"sampleCount": 258,
			"rate": 11025,
			"format": ""
		}],
	"costumes": [{
			"costumeName": "cat1 flying-a",
			"baseLayerID": -1,
			"baseLayerMD5": "1e81725d2d2c7de4a2dd4a145198a43c.svg",
			"bitmapResolution": 1,
			"rotationCenterX": 67,
			"rotationCenterY": 48
		},
		{
			"costumeName": "cat1 flying-b",
			"baseLayerID": -1,
			"baseLayerMD5": "0d192725870ef0eda50d91cab0e3c9c5.svg",
			"bitmapResolution": 1,
			"rotationCenterX": 42,
			"rotationCenterY": 44
		}],
	"currentCostumeIndex": 0,
	"scratchX": 0,
	"scratchY": 0,
	"scale": 1,
	"direction": 90,
	"rotationStyle": "normal",
	"isDraggable": false,
	"indexInLibrary": 100000,
	"visible": true,
	"spriteInfo": {
	}
}