{
	"objName": "Bear2",
	"sounds": [{
			"soundName": "meow",
			"soundID": -1,
			"md5": "83c36d806dc92327b9e7049a565c6bff.wav",
			"sampleCount": 18688,
			"rate": 22050,
			"format": ""
		}],
	"costumes": [{
			"costumeName": "bear2-a",
			"baseLayerID": -1,
			"baseLayerMD5": "3eb8e16a983ff23c418374389c81bd30.svg",
			"bitmapResolution": 1,
			"rotationCenterX": 37,
			"rotationCenterY": 42
		},
		{
			"costumeName": "bear2-b",
			"baseLayerID": -1,
			"baseLayerMD5": "12bb6960ac01b65ae9b5e5e7f79700ac.svg",
			"bitmapResolution": 1,
			"rotationCenterX": 51,
			"rotationCenterY": 42
		}],
	"currentCostumeIndex": 0,
	"scratchX": 0,
	"scratchY": 0,
	"scale": 1,
	"direction": 90,
	"rotationStyle": "normal",
	"isDraggable": false,
	"indexInLibrary": 100000,
	"visible": true,
	"spriteInfo": {
	}
}