{
	"objName": "Drum-Bass",
	"sounds": [{
			"soundName": "drum bass1",
			"soundID": -1,
			"md5": "48328c874353617451e4c7902cc82817.wav",
			"sampleCount": 6528,
			"rate": 22050,
			"format": ""
		},
		{
			"soundName": "drum bass2",
			"soundID": -1,
			"md5": "711a1270d1cf2e5de9b145ee539213e4.wav",
			"sampleCount": 3791,
			"rate": 22050,
			"format": "adpcm"
		},
		{
			"soundName": "drum bass3",
			"soundID": -1,
			"md5": "c21704337b16359ea631b5f8eb48f765.wav",
			"sampleCount": 8576,
			"rate": 22050,
			"format": ""
		}],
	"costumes": [{
			"costumeName": "drum bass-a",
			"baseLayerID": -1,
			"baseLayerMD5": "3308e038214f5a4adc53076a9fee9021.svg",
			"bitmapResolution": 1,
			"rotationCenterX": 36,
			"rotationCenterY": 46
		},
		{
			"costumeName": "drum bass-b",
			"baseLayerID": -1,
			"baseLayerMD5": "5febb3df727fb6624946e807a665b866.svg",
			"bitmapResolution": 1,
			"rotationCenterX": 36,
			"rotationCenterY": 46
		}],
	"currentCostumeIndex": 0,
	"scratchX": 0,
	"scratchY": 0,
	"scale": 1,
	"direction": 90,
	"rotationStyle": "normal",
	"isDraggable": false,
	"indexInLibrary": 100000,
	"visible": true,
	"spriteInfo": {
	}
}