{
	"objName": "Ball",
	"sounds": [{
			"soundName": "pop",
			"soundID": -1,
			"md5": "83a9787d4cb6f3b7632b4ddfebf74367.wav",
			"sampleCount": 258,
			"rate": 11025,
			"format": ""
		}],
	"costumes": [{
			"costumeName": "ball-a",
			"baseLayerID": -1,
			"baseLayerMD5": "10117ddaefa98d819f2b1df93805622f.svg",
			"bitmapResolution": 1,
			"rotationCenterX": 22,
			"rotationCenterY": 22
		},
		{
			"costumeName": "ball-b",
			"baseLayerID": -1,
			"baseLayerMD5": "6e6330cad7750ea7e9dc88402661deb8.svg",
			"bitmapResolution": 1,
			"rotationCenterX": 22,
			"rotationCenterY": 22
		},
		{
			"costumeName": "ball-c",
			"baseLayerID": -1,
			"baseLayerMD5": "bb45ed5db278f15c17c012c34a6b160f.svg",
			"bitmapResolution": 1,
			"rotationCenterX": 22,
			"rotationCenterY": 22
		},
		{
			"costumeName": "ball-d",
			"baseLayerID": -1,
			"baseLayerMD5": "5d494659deae5c0de06b5885f5524276.svg",
			"bitmapResolution": 1,
			"rotationCenterX": 22,
			"rotationCenterY": 22
		},
		{
			"costumeName": "ball-e",
			"baseLayerID": -1,
			"baseLayerMD5": "e80c98bc62fd32e8df81642af11ffb1a.svg",
			"bitmapResolution": 1,
			"rotationCenterX": 22,
			"rotationCenterY": 22
		}],
	"currentCostumeIndex": 0,
	"scratchX": 0,
	"scratchY": 0,
	"scale": 1,
	"direction": 90,
	"rotationStyle": "normal",
	"isDraggable": false,
	"indexInLibrary": 100000,
	"visible": true,
	"spriteInfo": {
	}
}