{
	"objName": "Q-Glow",
	"sounds": [{
			"soundName": "pop",
			"soundID": -1,
			"md5": "83a9787d4cb6f3b7632b4ddfebf74367.wav",
			"sampleCount": 258,
			"rate": 11025,
			"format": ""
		}],
	"costumes": [{
			"costumeName": "Q-glow",
			"baseLayerID": -1,
			"baseLayerMD5": "9d35979e9404ac234301269fcd7de288.svg",
			"bitmapResolution": 1,
			"rotationCenterX": 33,
			"rotationCenterY": 43
		}],
	"currentCostumeIndex": 0,
	"scratchX": 0,
	"scratchY": 0,
	"scale": 1,
	"direction": 90,
	"rotationStyle": "normal",
	"isDraggable": false,
	"indexInLibrary": 100000,
	"visible": true,
	"spriteInfo": {
	}
}