{
	"objName": "W-Story",
	"sounds": [{
			"soundName": "pop",
			"soundID": -1,
			"md5": "83a9787d4cb6f3b7632b4ddfebf74367.wav",
			"sampleCount": 258,
			"rate": 11025,
			"format": ""
		}],
	"costumes": [{
			"costumeName": "W-story-1",
			"baseLayerID": -1,
			"baseLayerMD5": "7d9d4c0da9bd1a3ddf253d1bea26f4e9.svg",
			"bitmapResolution": 1,
			"rotationCenterX": 37,
			"rotationCenterY": 25
		},
		{
			"costumeName": "W-story-2",
			"baseLayerID": -1,
			"baseLayerMD5": "c0f48eb69cae4a611d3e7b7e06b0d1c1.svg",
			"bitmapResolution": 1,
			"rotationCenterX": 37,
			"rotationCenterY": 25
		},
		{
			"costumeName": "W-story-3",
			"baseLayerID": -1,
			"baseLayerMD5": "d1c922c9e9d53d2f6f36ca637e85de6b.svg",
			"bitmapResolution": 1,
			"rotationCenterX": 34,
			"rotationCenterY": 24
		}],
	"currentCostumeIndex": 0,
	"scratchX": 0,
	"scratchY": 0,
	"scale": 1,
	"direction": 90,
	"rotationStyle": "normal",
	"isDraggable": false,
	"indexInLibrary": 100000,
	"visible": true,
	"spriteInfo": {
	}
}