{
	"objName": "Piano-Electric",
	"sounds": [{
			"soundName": "C elec piano",
			"soundID": -1,
			"md5": "8366ee963cc57ad24a8a35a26f722c2b.wav",
			"sampleCount": 44100,
			"rate": 22050,
			"format": ""
		},
		{
			"soundName": "D elec piano",
			"soundID": -1,
			"md5": "835f136ca8d346a17b4d4baf8405be37.wav",
			"sampleCount": 44100,
			"rate": 22050,
			"format": ""
		},
		{
			"soundName": "E elec piano",
			"soundID": -1,
			"md5": "ab3c198f8e36efff14f0a5bad35fa3cd.wav",
			"sampleCount": 44100,
			"rate": 22050,
			"format": ""
		},
		{
			"soundName": "F elec piano",
			"soundID": -1,
			"md5": "dc5e368fc0d0dad1da609bfc3e29aa15.wav",
			"sampleCount": 44100,
			"rate": 22050,
			"format": ""
		},
		{
			"soundName": "G elec piano",
			"soundID": -1,
			"md5": "39525f6545d62a95d05153f92d63301a.wav",
			"sampleCount": 44100,
			"rate": 22050,
			"format": ""
		},
		{
			"soundName": "A elec piano",
			"soundID": -1,
			"md5": "0cfa8e84d6a5cd63afa31d541625a9ef.wav",
			"sampleCount": 44100,
			"rate": 22050,
			"format": ""
		},
		{
			"soundName": "B elec piano",
			"soundID": -1,
			"md5": "9cc77167419f228503dd57fddaa5b2a6.wav",
			"sampleCount": 44100,
			"rate": 22050,
			"format": ""
		},
		{
			"soundName": "C2 elec piano",
			"soundID": -1,
			"md5": "366c7edbd4dd5cca68bf62902999bd66.wav",
			"sampleCount": 44100,
			"rate": 22050,
			"format": ""
		}],
	"costumes": [{
			"costumeName": "keyboard-a",
			"baseLayerID": -1,
			"baseLayerMD5": "337368e789abc17beb1a2bacbb9d3bdc.svg",
			"bitmapResolution": 1,
			"rotationCenterX": 88,
			"rotationCenterY": 24
		},
		{
			"costumeName": "keyboard-b",
			"baseLayerID": -1,
			"baseLayerMD5": "290216dfdf0cffea57743d91f130b2c7.svg",
			"bitmapResolution": 1,
			"rotationCenterX": 89,
			"rotationCenterY": 24
		},
		{
			"costumeName": "keyboard-c",
			"baseLayerID": -1,
			"baseLayerMD5": "750cbbcd66cb893cd5a66ee0a663e486.svg",
			"bitmapResolution": 1,
			"rotationCenterX": 89,
			"rotationCenterY": 24
		},
		{
			"costumeName": "keyboard-d",
			"baseLayerID": -1,
			"baseLayerMD5": "46b0d833ad845d88585fbd0cb4b070ee.svg",
			"bitmapResolution": 1,
			"rotationCenterX": 89,
			"rotationCenterY": 24
		}],
	"currentCostumeIndex": 0,
	"scratchX": 0,
	"scratchY": 0,
	"scale": 1,
	"direction": 90,
	"rotationStyle": "normal",
	"isDraggable": false,
	"indexInLibrary": 100000,
	"visible": true,
	"spriteInfo": {
	}
}