{
	"objName": "I-Story",
	"sounds": [{
			"soundName": "pop",
			"soundID": -1,
			"md5": "83a9787d4cb6f3b7632b4ddfebf74367.wav",
			"sampleCount": 258,
			"rate": 11025,
			"format": ""
		}],
	"costumes": [{
			"costumeName": "I-story-1",
			"baseLayerID": -1,
			"baseLayerMD5": "705297637ea83af5b94b6fe2e34aeef4.svg",
			"bitmapResolution": 1,
			"rotationCenterX": 9,
			"rotationCenterY": 26
		},
		{
			"costumeName": "I-story-2",
			"baseLayerID": -1,
			"baseLayerMD5": "7b3ae96764795727fa1cb0be68a9ca5e.svg",
			"bitmapResolution": 1,
			"rotationCenterX": 9,
			"rotationCenterY": 26
		},
		{
			"costumeName": "I-story-3",
			"baseLayerID": -1,
			"baseLayerMD5": "3475aa570304accb7e6dbd2516234135.svg",
			"bitmapResolution": 1,
			"rotationCenterX": 7,
			"rotationCenterY": 23
		}],
	"currentCostumeIndex": 0,
	"scratchX": 0,
	"scratchY": 0,
	"scale": 1,
	"direction": 90,
	"rotationStyle": "normal",
	"isDraggable": false,
	"indexInLibrary": 100000,
	"visible": true,
	"spriteInfo": {
	}
}