{
	"objName": "Piano",
	"sounds": [{
			"soundName": "C piano",
			"soundID": -1,
			"md5": "d27ed8d953fe8f03c00f4d733d31d2cc.wav",
			"sampleCount": 44100,
			"rate": 22050,
			"format": ""
		},
		{
			"soundName": "D piano",
			"soundID": -1,
			"md5": "51381ac422605ee8c7d64cfcbfd75efc.wav",
			"sampleCount": 44100,
			"rate": 22050,
			"format": ""
		},
		{
			"soundName": "E piano",
			"soundID": -1,
			"md5": "c818fdfaf8a0efcb562e24e794700a57.wav",
			"sampleCount": 44100,
			"rate": 22050,
			"format": ""
		},
		{
			"soundName": "F piano",
			"soundID": -1,
			"md5": "cdab3cce84f74ecf53e3941c6a003b5e.wav",
			"sampleCount": 44100,
			"rate": 22050,
			"format": ""
		},
		{
			"soundName": "G piano",
			"soundID": -1,
			"md5": "42bb2ed28e7023e111b33220e1594a6f.wav",
			"sampleCount": 44100,
			"rate": 22050,
			"format": ""
		},
		{
			"soundName": "A piano",
			"soundID": -1,
			"md5": "0727959edb2ea0525feed9b0c816991c.wav",
			"sampleCount": 44100,
			"rate": 22050,
			"format": ""
		},
		{
			"soundName": "B piano",
			"soundID": -1,
			"md5": "86826c6022a46370ed1afae69f1ab1b9.wav",
			"sampleCount": 44100,
			"rate": 22050,
			"format": ""
		},
		{
			"soundName": "C2 piano",
			"soundID": -1,
			"md5": "75d7d2c9b5d40dd4e1cb268111abf1a2.wav",
			"sampleCount": 44100,
			"rate": 22050,
			"format": ""
		}],
	"costumes": [{
			"costumeName": "piano",
			"baseLayerID": -1,
			"baseLayerMD5": "a79a9794c290e5aa533230cc3d13795b.svg",
			"bitmapResolution": 1,
			"rotationCenterX": 142,
			"rotationCenterY": 88
		}],
	"currentCostumeIndex": 0,
	"scratchX": 0,
	"scratchY": 0,
	"scale": 1,
	"direction": 90,
	"rotationStyle": "normal",
	"isDraggable": false,
	"indexInLibrary": 100000,
	"visible": true,
	"spriteInfo": {
	}
}