{
	"objName": "D-Pixel",
	"sounds": [{
			"soundName": "pop",
			"soundID": -1,
			"md5": "83a9787d4cb6f3b7632b4ddfebf74367.wav",
			"sampleCount": 258,
			"rate": 11025,
			"format": ""
		}],
	"costumes": [{
			"costumeName": "D-pixel",
			"baseLayerID": -1,
			"baseLayerMD5": "d759df99f347d9b7d59e1f703e8e1438.svg",
			"bitmapResolution": 1,
			"rotationCenterX": 14,
			"rotationCenterY": 20
		}],
	"currentCostumeIndex": 0,
	"scratchX": 0,
	"scratchY": 0,
	"scale": 1,
	"direction": 90,
	"rotationStyle": "normal",
	"isDraggable": false,
	"indexInLibrary": 100000,
	"visible": true,
	"spriteInfo": {
	}
}