{
	"objName": "Cloud",
	"sounds": [{
			"soundName": "ripples",
			"soundID": -1,
			"md5": "4da8a805673c288965e1e5535c3f7f2b.wav",
			"sampleCount": 10144,
			"rate": 11025,
			"format": ""
		}],
	"costumes": [{
			"costumeName": "cloud",
			"baseLayerID": -1,
			"baseLayerMD5": "47005a1f20309f577a03a67abbb6b94e.svg",
			"bitmapResolution": 1,
			"rotationCenterX": 71,
			"rotationCenterY": 45
		}],
	"currentCostumeIndex": 0,
	"scratchX": 0,
	"scratchY": 0,
	"scale": 0.9,
	"direction": 90,
	"rotationStyle": "normal",
	"isDraggable": false,
	"indexInLibrary": 100000,
	"visible": true,
	"spriteInfo": {
	}
}