{
	"objName": "O-Story",
	"sounds": [{
			"soundName": "pop",
			"soundID": -1,
			"md5": "83a9787d4cb6f3b7632b4ddfebf74367.wav",
			"sampleCount": 258,
			"rate": 11025,
			"format": ""
		}],
	"costumes": [{
			"costumeName": "O-story-1",
			"baseLayerID": -1,
			"baseLayerMD5": "088beed7ce0dff554da06f54d0558bc0.svg",
			"bitmapResolution": 1,
			"rotationCenterX": 25,
			"rotationCenterY": 25
		},
		{
			"costumeName": "O-story-2",
			"baseLayerID": -1,
			"baseLayerMD5": "e8fa671bb1ca53c044bfb27225321c25.svg",
			"bitmapResolution": 1,
			"rotationCenterX": 24,
			"rotationCenterY": 25
		},
		{
			"costumeName": "O-story-3",
			"baseLayerID": -1,
			"baseLayerMD5": "a132bf3d4084ef8ca9e0797f64c0f082.svg",
			"bitmapResolution": 1,
			"rotationCenterX": 22,
			"rotationCenterY": 24
		}],
	"currentCostumeIndex": 0,
	"scratchX": 0,
	"scratchY": 0,
	"scale": 1,
	"direction": 90,
	"rotationStyle": "normal",
	"isDraggable": false,
	"indexInLibrary": 100000,
	"visible": true,
	"spriteInfo": {
	}
}