{
	"objName": "Vest",
	"sounds": [{
			"soundName": "pop",
			"soundID": -1,
			"md5": "83a9787d4cb6f3b7632b4ddfebf74367.wav",
			"sampleCount": 258,
			"rate": 11025,
			"format": ""
		}],
	"costumes": [{
			"costumeName": "vest-a",
			"baseLayerID": -1,
			"baseLayerMD5": "f8285ca9564451c62a0e3d75b8a714e8.svg",
			"bitmapResolution": 1,
			"rotationCenterX": 18,
			"rotationCenterY": 62
		},
		{
			"costumeName": "vest-b",
			"baseLayerID": -1,
			"baseLayerMD5": "77d553eea3910ab8f5bac3d2da601061.svg",
			"bitmapResolution": 1,
			"rotationCenterX": 18,
			"rotationCenterY": 62
		}],
	"currentCostumeIndex": 0,
	"scratchX": 0,
	"scratchY": 0,
	"scale": 1,
	"direction": 90,
	"rotationStyle": "normal",
	"isDraggable": true,
	"indexInLibrary": 100000,
	"visible": true,
	"spriteInfo": {
	}
}