{
	"objName": "Zara",
	"sounds": [{
			"soundName": "pop",
			"soundID": -1,
			"md5": "83a9787d4cb6f3b7632b4ddfebf74367.wav",
			"sampleCount": 258,
			"rate": 11025,
			"format": ""
		}],
	"costumes": [{
			"costumeName": "zara-a",
			"baseLayerID": -1,
			"baseLayerMD5": "ad7b145d46e933125bd9c928d784fcdc.png",
			"bitmapResolution": 2,
			"rotationCenterX": 50,
			"rotationCenterY": 170
		},
		{
			"costumeName": "zara-b",
			"baseLayerID": -1,
			"baseLayerMD5": "6fba793b512069a67096a82aa85a5c12.png",
			"bitmapResolution": 2,
			"rotationCenterX": 86,
			"rotationCenterY": 168
		}],
	"currentCostumeIndex": 1,
	"scratchX": 0,
	"scratchY": 0,
	"scale": 1,
	"direction": 90,
	"rotationStyle": "normal",
	"isDraggable": false,
	"indexInLibrary": 100000,
	"visible": true,
	"spriteInfo": {
	}
}