{
	"objName": "Drum1",
	"sounds": [{
			"soundName": "high tom",
			"soundID": -1,
			"md5": "d623f99b3c8d33932eb2c6c9cfd817c5.wav",
			"sampleCount": 12320,
			"rate": 22050,
			"format": ""
		},
		{
			"soundName": "low tom",
			"soundID": -1,
			"md5": "1569bbbd8952b0575e5a5cb5aefb50ba.wav",
			"sampleCount": 20000,
			"rate": 22050,
			"format": ""
		}],
	"costumes": [{
			"costumeName": "drum1-a",
			"baseLayerID": -1,
			"baseLayerMD5": "daad8bc865f55200844dbce476d2f1e9.svg",
			"bitmapResolution": 1,
			"rotationCenterX": 49,
			"rotationCenterY": 44
		},
		{
			"costumeName": "drum1-b",
			"baseLayerID": -1,
			"baseLayerMD5": "8a2e9596b02ecdc195d76c1f34a48f76.svg",
			"bitmapResolution": 1,
			"rotationCenterX": 60,
			"rotationCenterY": 61
		}],
	"currentCostumeIndex": 0,
	"scratchX": 0,
	"scratchY": 0,
	"scale": 1,
	"direction": 90,
	"rotationStyle": "normal",
	"isDraggable": false,
	"indexInLibrary": 100000,
	"visible": true,
	"spriteInfo": {
	}
}