{
	"objName": "Mouse1",
	"sounds": [{
			"soundName": "pop",
			"soundID": -1,
			"md5": "83a9787d4cb6f3b7632b4ddfebf74367.wav",
			"sampleCount": 258,
			"rate": 11025,
			"format": ""
		}],
	"costumes": [{
			"costumeName": "mouse1-a",
			"baseLayerID": -1,
			"baseLayerMD5": "e1f0c26afecbe9d4b9923d8e6bf489a8.svg",
			"bitmapResolution": 1,
			"rotationCenterX": 50,
			"rotationCenterY": 27
		},
		{
			"costumeName": "mouse1-b",
			"baseLayerID": -1,
			"baseLayerMD5": "f5e477a3f94fc98ba3cd927228405646.svg",
			"bitmapResolution": 1,
			"rotationCenterX": 65,
			"rotationCenterY": 21
		}],
	"currentCostumeIndex": 0,
	"scratchX": 0,
	"scratchY": 0,
	"scale": 1,
	"direction": 90,
	"rotationStyle": "normal",
	"isDraggable": false,
	"indexInLibrary": 100000,
	"visible": true,
	"spriteInfo": {
	}
}