{
	"objName": "Hat Wizard",
	"sounds": [{
			"soundName": "pop",
			"soundID": -1,
			"md5": "83a9787d4cb6f3b7632b4ddfebf74367.wav",
			"sampleCount": 258,
			"rate": 11025,
			"format": ""
		}],
	"costumes": [{
			"costumeName": "hat wizard",
			"baseLayerID": -1,
			"baseLayerMD5": "581571e8c8f5adeb01565e12b1b77b58.svg",
			"bitmapResolution": 1,
			"rotationCenterX": 76,
			"rotationCenterY": 69
		}],
	"currentCostumeIndex": 0,
	"scratchX": 0,
	"scratchY": 0,
	"scale": 1,
	"direction": 90,
	"rotationStyle": "normal",
	"isDraggable": false,
	"indexInLibrary": 100000,
	"visible": true,
	"spriteInfo": {
	}
}