{
	"objName": "Rocks",
	"sounds": [{
			"soundName": "pop",
			"soundID": -1,
			"md5": "83a9787d4cb6f3b7632b4ddfebf74367.wav",
			"sampleCount": 258,
			"rate": 11025,
			"format": ""
		}],
	"costumes": [{
			"costumeName": "rocks",
			"baseLayerID": -1,
			"baseLayerMD5": "82c79fdb6a7d9c49ab7f70ee79a3d7f8.svg",
			"bitmapResolution": 1,
			"rotationCenterX": 59,
			"rotationCenterY": 15
		}],
	"currentCostumeIndex": 0,
	"scratchX": 0,
	"scratchY": 0,
	"scale": 1,
	"direction": 90,
	"rotationStyle": "normal",
	"isDraggable": false,
	"indexInLibrary": 100000,
	"visible": true,
	"spriteInfo": {
	}
}