{
	"objName": "Balloon1",
	"sounds": [{
			"soundName": "pop",
			"soundID": -1,
			"md5": "83a9787d4cb6f3b7632b4ddfebf74367.wav",
			"sampleCount": 258,
			"rate": 11025,
			"format": ""
		}],
	"costumes": [{
			"costumeName": "balloon1-a",
			"baseLayerID": -1,
			"baseLayerMD5": "bc96a1fb5fe794377acd44807e421ce2.svg",
			"bitmapResolution": 1,
			"rotationCenterX": 32,
			"rotationCenterY": 94
		},
		{
			"costumeName": "balloon1-b",
			"baseLayerID": -1,
			"baseLayerMD5": "d7bb51d9c38af6314bd2b4058d2a592d.svg",
			"bitmapResolution": 1,
			"rotationCenterX": 31,
			"rotationCenterY": 94
		},
		{
			"costumeName": "balloon1-c",
			"baseLayerID": -1,
			"baseLayerMD5": "247cef27b665d77d9efaca69327cae77.svg",
			"bitmapResolution": 1,
			"rotationCenterX": 31,
			"rotationCenterY": 94
		}],
	"currentCostumeIndex": 2,
	"scratchX": 0,
	"scratchY": 0,
	"scale": 1,
	"direction": 90,
	"rotationStyle": "normal",
	"isDraggable": false,
	"indexInLibrary": 100000,
	"visible": true,
	"spriteInfo": {
	}
}