{
	"objName": "C-block",
	"sounds": [{
			"soundName": "meow",
			"soundID": -1,
			"md5": "83c36d806dc92327b9e7049a565c6bff.wav",
			"sampleCount": 18688,
			"rate": 22050,
			"format": ""
		}],
	"costumes": [{
			"costumeName": "c-block",
			"baseLayerID": -1,
			"baseLayerMD5": "f8f4cc686ffc5a4113a99f70b09abd32.svg",
			"bitmapResolution": 1,
			"rotationCenterX": 35,
			"rotationCenterY": 43
		}],
	"currentCostumeIndex": 0,
	"scratchX": 0,
	"scratchY": 0,
	"scale": 1,
	"direction": 90,
	"rotationStyle": "normal",
	"isDraggable": false,
	"indexInLibrary": 100000,
	"visible": true,
	"spriteInfo": {
	}
}