{
	"objName": "Rory",
	"sounds": [{
			"soundName": "pop",
			"soundID": -1,
			"md5": "83a9787d4cb6f3b7632b4ddfebf74367.wav",
			"sampleCount": 258,
			"rate": 11025,
			"format": ""
		}],
	"costumes": [{
			"costumeName": "rory",
			"baseLayerID": -1,
			"baseLayerMD5": "7cca95c0a56646dd65771247ea288612.png",
			"bitmapResolution": 2,
			"rotationCenterX": 82,
			"rotationCenterY": 160
		}],
	"currentCostumeIndex": 0,
	"scratchX": 0,
	"scratchY": 0,
	"scale": 1,
	"direction": 90,
	"rotationStyle": "normal",
	"isDraggable": false,
	"indexInLibrary": 100000,
	"visible": true,
	"spriteInfo": {
	}
}