{
	"objName": "Bat2",
	"sounds": [{
			"soundName": "pop",
			"soundID": -1,
			"md5": "83a9787d4cb6f3b7632b4ddfebf74367.wav",
			"sampleCount": 258,
			"rate": 11025,
			"format": ""
		}],
	"costumes": [{
			"costumeName": "bat2-a ",
			"baseLayerID": -1,
			"baseLayerMD5": "647d4bd53163f94a7dabf623ccab7fd3.svg",
			"rotationCenterX": 75,
			"rotationCenterY": 75
		},
		{
			"costumeName": "bat2-b ",
			"baseLayerID": -1,
			"baseLayerMD5": "8aa1d20e4f7761becbe9bafa75290465.svg",
			"rotationCenterX": 75,
			"rotationCenterY": 75
		}],
	"currentCostumeIndex": 0,
	"scratchX": 0,
	"scratchY": 0,
	"scale": 1,
	"direction": 90,
	"rotationStyle": "normal",
	"isDraggable": false,
	"indexInLibrary": 100000,
	"visible": true,
	"spriteInfo": {
	}
}