{
	"objName": "S-Glow",
	"sounds": [{
			"soundName": "pop",
			"soundID": -1,
			"md5": "83a9787d4cb6f3b7632b4ddfebf74367.wav",
			"sampleCount": 258,
			"rate": 11025,
			"format": ""
		}],
	"costumes": [{
			"costumeName": "S-glow",
			"baseLayerID": -1,
			"baseLayerMD5": "19a93db8a294ccaec4d6eef4020a446f.svg",
			"bitmapResolution": 1,
			"rotationCenterX": 27,
			"rotationCenterY": 40
		}],
	"currentCostumeIndex": 0,
	"scratchX": 0,
	"scratchY": 0,
	"scale": 1,
	"direction": 90,
	"rotationStyle": "normal",
	"isDraggable": false,
	"indexInLibrary": 100000,
	"visible": true,
	"spriteInfo": {
	}
}