{
	"objName": "Tree1",
	"sounds": [{
			"soundName": "tom drum",
			"soundID": -1,
			"md5": "5a8b8678d37a860dd6c08082d5cda3c2.wav",
			"sampleCount": 35803,
			"rate": 22050,
			"format": "adpcm"
		}],
	"costumes": [{
			"costumeName": "tree1",
			"baseLayerID": -1,
			"baseLayerMD5": "8c40e2662c55d17bc384f47165ac43c1.svg",
			"bitmapResolution": 1,
			"rotationCenterX": 77,
			"rotationCenterY": 126
		}],
	"currentCostumeIndex": 0,
	"scratchX": 0,
	"scratchY": 0,
	"scale": 0.95,
	"direction": 90,
	"rotationStyle": "normal",
	"isDraggable": false,
	"indexInLibrary": 100000,
	"visible": true,
	"spriteInfo": {
	}
}