{
	"objName": "B-block",
	"sounds": [{
			"soundName": "meow",
			"soundID": -1,
			"md5": "83c36d806dc92327b9e7049a565c6bff.wav",
			"sampleCount": 18688,
			"rate": 22050,
			"format": ""
		}],
	"costumes": [{
			"costumeName": "b-block",
			"baseLayerID": -1,
			"baseLayerMD5": "f8c683cf71660e8ac1f8855599857a25.svg",
			"bitmapResolution": 1,
			"rotationCenterX": 29,
			"rotationCenterY": 42
		}],
	"currentCostumeIndex": 0,
	"scratchX": 0,
	"scratchY": 0,
	"scale": 1,
	"direction": 90,
	"rotationStyle": "normal",
	"isDraggable": false,
	"indexInLibrary": 100000,
	"visible": true,
	"spriteInfo": {
	}
}