{
	"objName": "Cowbell",
	"sounds": [{
			"soundName": "small cowbell",
			"soundID": -1,
			"md5": "e29154f53f56f96f8a3292bdcddcec54.wav",
			"sampleCount": 9718,
			"rate": 22050,
			"format": "adpcm"
		},
		{
			"soundName": "large cowbell",
			"soundID": -1,
			"md5": "006316650ffc673dc02d36aa55881327.wav",
			"sampleCount": 20856,
			"rate": 22050,
			"format": "adpcm"
		}],
	"costumes": [{
			"costumeName": "cowbell",
			"baseLayerID": -1,
			"baseLayerMD5": "3b00920b17d43986685f3855bcb6afe7.svg",
			"bitmapResolution": 1,
			"rotationCenterX": 29,
			"rotationCenterY": 30
		}],
	"currentCostumeIndex": 0,
	"scratchX": 0,
	"scratchY": 0,
	"scale": 1,
	"direction": 90,
	"rotationStyle": "normal",
	"isDraggable": false,
	"indexInLibrary": 100000,
	"visible": true,
	"spriteInfo": {
	}
}