{
	"objName": "Glasses",
	"sounds": [{
			"soundName": "pop",
			"soundID": -1,
			"md5": "83a9787d4cb6f3b7632b4ddfebf74367.wav",
			"sampleCount": 258,
			"rate": 11025,
			"format": ""
		}],
	"costumes": [{
			"costumeName": "glasses",
			"baseLayerID": -1,
			"baseLayerMD5": "5fcf716b53f223bc86b10ab0eca3e162.svg",
			"bitmapResolution": 1,
			"rotationCenterX": 16,
			"rotationCenterY": 9
		}],
	"currentCostumeIndex": 0,
	"scratchX": 0,
	"scratchY": 0,
	"scale": 1,
	"direction": 90,
	"rotationStyle": "normal",
	"isDraggable": true,
	"indexInLibrary": 100000,
	"visible": true,
	"spriteInfo": {
	}
}