{
	"objName": "E-Story",
	"sounds": [{
			"soundName": "pop",
			"soundID": -1,
			"md5": "83a9787d4cb6f3b7632b4ddfebf74367.wav",
			"sampleCount": 258,
			"rate": 11025,
			"format": ""
		}],
	"costumes": [{
			"costumeName": "E-story-1",
			"baseLayerID": -1,
			"baseLayerMD5": "56473bacbdf6f0dbca1afb04e5aebaf7.svg",
			"bitmapResolution": 1,
			"rotationCenterX": 20,
			"rotationCenterY": 25
		},
		{
			"costumeName": "E-story-2",
			"baseLayerID": -1,
			"baseLayerMD5": "8bba14966fe35f0dccb66ef06a9843ca.svg",
			"bitmapResolution": 1,
			"rotationCenterX": 20,
			"rotationCenterY": 25
		},
		{
			"costumeName": "E-story-3",
			"baseLayerID": -1,
			"baseLayerMD5": "e8cfc63375f6d6c2a580823489427f38.svg",
			"bitmapResolution": 1,
			"rotationCenterX": 18,
			"rotationCenterY": 23
		}],
	"currentCostumeIndex": 0,
	"scratchX": 0,
	"scratchY": 0,
	"scale": 1,
	"direction": 90,
	"rotationStyle": "normal",
	"isDraggable": false,
	"indexInLibrary": 100000,
	"visible": true,
	"spriteInfo": {
	}
}