{
	"objName": "Line",
	"sounds": [{
			"soundName": "pop",
			"soundID": -1,
			"md5": "83a9787d4cb6f3b7632b4ddfebf74367.wav",
			"sampleCount": 258,
			"rate": 11025,
			"format": ""
		}],
	"costumes": [{
			"costumeName": "line",
			"baseLayerID": -1,
			"baseLayerMD5": "1b2cfb4d4746522aeb84e16a62820299.svg",
			"bitmapResolution": 1,
			"rotationCenterX": 239,
			"rotationCenterY": 7
		}],
	"currentCostumeIndex": 0,
	"scratchX": 0,
	"scratchY": 0,
	"scale": 1,
	"direction": 90,
	"rotationStyle": "normal",
	"isDraggable": false,
	"indexInLibrary": 100000,
	"visible": true,
	"spriteInfo": {
	}
}