{
	"objName": "4-Glow",
	"sounds": [{
			"soundName": "pop",
			"soundID": -1,
			"md5": "83a9787d4cb6f3b7632b4ddfebf74367.wav",
			"sampleCount": 258,
			"rate": 11025,
			"format": ""
		}],
	"costumes": [{
			"costumeName": "4-glow",
			"baseLayerID": -1,
			"baseLayerMD5": "3ffa6aee373e28fc36b9395ac4d0467e.svg",
			"bitmapResolution": 1,
			"rotationCenterX": 31,
			"rotationCenterY": 38
		}],
	"currentCostumeIndex": 0,
	"scratchX": 0,
	"scratchY": 0,
	"scale": 1,
	"direction": 90,
	"rotationStyle": "normal",
	"isDraggable": false,
	"indexInLibrary": 100000,
	"visible": true,
	"spriteInfo": {
	}
}