{
	"objName": "V-Glow",
	"sounds": [{
			"soundName": "pop",
			"soundID": -1,
			"md5": "83a9787d4cb6f3b7632b4ddfebf74367.wav",
			"sampleCount": 258,
			"rate": 11025,
			"format": ""
		}],
	"costumes": [{
			"costumeName": "V-glow",
			"baseLayerID": -1,
			"baseLayerMD5": "6a00388d8dc6be645b843cef9c22681c.svg",
			"bitmapResolution": 1,
			"rotationCenterX": 35,
			"rotationCenterY": 42
		}],
	"currentCostumeIndex": 0,
	"scratchX": 0,
	"scratchY": 0,
	"scale": 1,
	"direction": 90,
	"rotationStyle": "normal",
	"isDraggable": false,
	"indexInLibrary": 100000,
	"visible": true,
	"spriteInfo": {
	}
}