{
	"objName": "Shoes2",
	"sounds": [{
			"soundName": "pop",
			"soundID": -1,
			"md5": "83a9787d4cb6f3b7632b4ddfebf74367.wav",
			"sampleCount": 258,
			"rate": 11025,
			"format": ""
		}],
	"costumes": [{
			"costumeName": "shoes2",
			"baseLayerID": -1,
			"baseLayerMD5": "1dc5d568d98405c370b91a230397a7f9.svg",
			"bitmapResolution": 1,
			"rotationCenterX": 40,
			"rotationCenterY": 8
		}],
	"currentCostumeIndex": 0,
	"scratchX": 0,
	"scratchY": 0,
	"scale": 1,
	"direction": 90,
	"rotationStyle": "normal",
	"isDraggable": true,
	"indexInLibrary": 100000,
	"visible": true,
	"spriteInfo": {
	}
}