{
	"objName": "J-Story",
	"sounds": [{
			"soundName": "pop",
			"soundID": -1,
			"md5": "83a9787d4cb6f3b7632b4ddfebf74367.wav",
			"sampleCount": 258,
			"rate": 11025,
			"format": ""
		}],
	"costumes": [{
			"costumeName": "J-story-1",
			"baseLayerID": -1,
			"baseLayerMD5": "ac2e7eaecb80c5501e5e56802d03af00.svg",
			"bitmapResolution": 1,
			"rotationCenterX": 14,
			"rotationCenterY": 25
		},
		{
			"costumeName": "J-story-2",
			"baseLayerID": -1,
			"baseLayerMD5": "0ab9a94fc2e32160efc113a8e5ffb984.svg",
			"bitmapResolution": 1,
			"rotationCenterX": 14,
			"rotationCenterY": 25
		},
		{
			"costumeName": "J-story-3",
			"baseLayerID": -1,
			"baseLayerMD5": "c9356a022cfbc25be6c484e9781e4637.svg",
			"bitmapResolution": 1,
			"rotationCenterX": 12,
			"rotationCenterY": 24
		}],
	"currentCostumeIndex": 0,
	"scratchX": 0,
	"scratchY": 0,
	"scale": 1,
	"direction": 90,
	"rotationStyle": "normal",
	"isDraggable": false,
	"indexInLibrary": 100000,
	"visible": true,
	"spriteInfo": {
	}
}