{
	"objName": "S-Story",
	"sounds": [{
			"soundName": "pop",
			"soundID": -1,
			"md5": "83a9787d4cb6f3b7632b4ddfebf74367.wav",
			"sampleCount": 258,
			"rate": 11025,
			"format": ""
		}],
	"costumes": [{
			"costumeName": "S-story-1",
			"baseLayerID": -1,
			"baseLayerMD5": "fca1555f335392f1c4ef620bf098c0de.svg",
			"bitmapResolution": 1,
			"rotationCenterX": 16,
			"rotationCenterY": 25
		},
		{
			"costumeName": "S-story-2",
			"baseLayerID": -1,
			"baseLayerMD5": "c529ed7b40f4a949539f8f454e3fe475.svg",
			"bitmapResolution": 1,
			"rotationCenterX": 16,
			"rotationCenterY": 25
		},
		{
			"costumeName": "S-story-3",
			"baseLayerID": -1,
			"baseLayerMD5": "e96388c9197733bdadbad3ce014c0e59.svg",
			"bitmapResolution": 1,
			"rotationCenterX": 14,
			"rotationCenterY": 23
		}],
	"currentCostumeIndex": 0,
	"scratchX": 0,
	"scratchY": 0,
	"scale": 1.05,
	"direction": 90,
	"rotationStyle": "normal",
	"isDraggable": false,
	"indexInLibrary": 100000,
	"visible": true,
	"spriteInfo": {
	}
}