{
	"objName": "P-Story",
	"sounds": [{
			"soundName": "pop",
			"soundID": -1,
			"md5": "83a9787d4cb6f3b7632b4ddfebf74367.wav",
			"sampleCount": 258,
			"rate": 11025,
			"format": ""
		}],
	"costumes": [{
			"costumeName": "P-story-1",
			"baseLayerID": -1,
			"baseLayerMD5": "ad4a101b83f28ced16849be3e393caa9.svg",
			"bitmapResolution": 1,
			"rotationCenterX": 20,
			"rotationCenterY": 25
		},
		{
			"costumeName": "P-story-2",
			"baseLayerID": -1,
			"baseLayerMD5": "781c42f9da36bbc0ee3775f18ac98124.svg",
			"bitmapResolution": 1,
			"rotationCenterX": 20,
			"rotationCenterY": 25
		},
		{
			"costumeName": "P-story-3",
			"baseLayerID": -1,
			"baseLayerMD5": "bcaec7c778920d8d74c275c1aff634fe.svg",
			"bitmapResolution": 1,
			"rotationCenterX": 17,
			"rotationCenterY": 24
		}],
	"currentCostumeIndex": 0,
	"scratchX": 0,
	"scratchY": 0,
	"scale": 1,
	"direction": 90,
	"rotationStyle": "normal",
	"isDraggable": false,
	"indexInLibrary": 100000,
	"visible": true,
	"spriteInfo": {
	}
}