{
	"objName": "M-Pixel",
	"sounds": [{
			"soundName": "pop",
			"soundID": -1,
			"md5": "83a9787d4cb6f3b7632b4ddfebf74367.wav",
			"sampleCount": 258,
			"rate": 11025,
			"format": ""
		}],
	"costumes": [{
			"costumeName": "M-pixel",
			"baseLayerID": -1,
			"baseLayerMD5": "46ccf731f158b9dda75f4e71a5bcd282.svg",
			"bitmapResolution": 1,
			"rotationCenterX": 19,
			"rotationCenterY": 16
		}],
	"currentCostumeIndex": 0,
	"scratchX": 0,
	"scratchY": 0,
	"scale": 1,
	"direction": 90,
	"rotationStyle": "normal",
	"isDraggable": false,
	"indexInLibrary": 100000,
	"visible": true,
	"spriteInfo": {
	}
}