{
	"objName": "3-Pixel",
	"sounds": [{
			"soundName": "pop",
			"soundID": -1,
			"md5": "83a9787d4cb6f3b7632b4ddfebf74367.wav",
			"sampleCount": 258,
			"rate": 11025,
			"format": ""
		}],
	"costumes": [{
			"costumeName": "3-pixel",
			"baseLayerID": -1,
			"baseLayerMD5": "7c1700f0dcfb418662d29ba6faa114e7.svg",
			"bitmapResolution": 1,
			"rotationCenterX": 14,
			"rotationCenterY": 18
		}],
	"currentCostumeIndex": 0,
	"scratchX": 0,
	"scratchY": 0,
	"scale": 1,
	"direction": 90,
	"rotationStyle": "normal",
	"isDraggable": false,
	"indexInLibrary": 100000,
	"visible": true,
	"spriteInfo": {
	}
}