{
	"objName": "Shirt",
	"sounds": [{
			"soundName": "pop",
			"soundID": -1,
			"md5": "83a9787d4cb6f3b7632b4ddfebf74367.wav",
			"sampleCount": 258,
			"rate": 11025,
			"format": ""
		}],
	"costumes": [{
			"costumeName": "shirt-a",
			"baseLayerID": -1,
			"baseLayerMD5": "dbb0eaa9d7af0f5971afdee0192c8b51.svg",
			"bitmapResolution": 1,
			"rotationCenterX": 39,
			"rotationCenterY": 48
		},
		{
			"costumeName": "shirt-b",
			"baseLayerID": -1,
			"baseLayerMD5": "92d009fb104990da9798378ae5e4e1cb.svg",
			"bitmapResolution": 1,
			"rotationCenterX": 48,
			"rotationCenterY": 48
		}],
	"currentCostumeIndex": 0,
	"scratchX": 0,
	"scratchY": 0,
	"scale": 1,
	"direction": 90,
	"rotationStyle": "normal",
	"isDraggable": true,
	"indexInLibrary": 100000,
	"visible": true,
	"spriteInfo": {
	}
}