{
	"objName": "A-Story",
	"sounds": [{
			"soundName": "pop",
			"soundID": -1,
			"md5": "83a9787d4cb6f3b7632b4ddfebf74367.wav",
			"sampleCount": 258,
			"rate": 11025,
			"format": ""
		}],
	"costumes": [{
			"costumeName": "A-story-1",
			"baseLayerID": -1,
			"baseLayerMD5": "5406b37278d819d4787a588b9c91f68e.svg",
			"bitmapResolution": 1,
			"rotationCenterX": 23,
			"rotationCenterY": 26
		},
		{
			"costumeName": "A-story-2",
			"baseLayerID": -1,
			"baseLayerMD5": "f277943adf8d79b41b9b568321a786ee.svg",
			"bitmapResolution": 1,
			"rotationCenterX": 23,
			"rotationCenterY": 26
		},
		{
			"costumeName": "A-story-3",
			"baseLayerID": -1,
			"baseLayerMD5": "cc0cc7ae3240eab7d040e148cc663325.svg",
			"bitmapResolution": 1,
			"rotationCenterX": 22,
			"rotationCenterY": 24
		}],
	"currentCostumeIndex": 0,
	"scratchX": 0,
	"scratchY": 0,
	"scale": 1,
	"direction": 90,
	"rotationStyle": "normal",
	"isDraggable": false,
	"indexInLibrary": 100000,
	"visible": true,
	"spriteInfo": {
	}
}