{
	"objName": "Drum-Tabla",
	"sounds": [{
			"soundName": "hi na tabla",
			"soundID": -1,
			"md5": "35b42d98c43404a5b1b52fb232a62bd7.wav",
			"sampleCount": 4096,
			"rate": 22050,
			"format": ""
		},
		{
			"soundName": "hi tun tabla",
			"soundID": -1,
			"md5": "da734693dfa6a9a7eccdc7f9a0ca9840.wav",
			"sampleCount": 18656,
			"rate": 22050,
			"format": ""
		},
		{
			"soundName": "lo gliss tabla",
			"soundID": -1,
			"md5": "d7cd24689737569c93e7ea7344ba6b0e.wav",
			"sampleCount": 7008,
			"rate": 22050,
			"format": ""
		},
		{
			"soundName": "lo geh tabla",
			"soundID": -1,
			"md5": "9205359ab69d042ed3da8a160a651690.wav",
			"sampleCount": 30784,
			"rate": 22050,
			"format": ""
		}],
	"costumes": [{
			"costumeName": "tabla-a",
			"baseLayerID": -1,
			"baseLayerMD5": "68ce53b53fcc68744584c28d20144c4f.svg",
			"bitmapResolution": 1,
			"rotationCenterX": 75,
			"rotationCenterY": 45
		},
		{
			"costumeName": "tabla-b",
			"baseLayerID": -1,
			"baseLayerMD5": "01b6ffb8691d32be10fabc77ddfb55b0.svg",
			"bitmapResolution": 1,
			"rotationCenterX": 78,
			"rotationCenterY": 48
		}],
	"currentCostumeIndex": 0,
	"scratchX": 0,
	"scratchY": 0,
	"scale": 1,
	"direction": 90,
	"rotationStyle": "normal",
	"isDraggable": false,
	"indexInLibrary": 100000,
	"visible": true,
	"spriteInfo": {
	}
}