{
	"objName": "Shark",
	"sounds": [{
			"soundName": "pop",
			"soundID": -1,
			"md5": "83a9787d4cb6f3b7632b4ddfebf74367.wav",
			"sampleCount": 258,
			"rate": 11025,
			"format": ""
		}],
	"costumes": [{
			"costumeName": "shark-a ",
			"baseLayerID": -1,
			"baseLayerMD5": "7c0a907eae79462f69f8e2af8e7df828.svg",
			"rotationCenterX": 75,
			"rotationCenterY": 75
		},
		{
			"costumeName": "shark-b ",
			"baseLayerID": -1,
			"baseLayerMD5": "cff9ae87a93294693a0650b38a7a33d2.svg",
			"rotationCenterX": 75,
			"rotationCenterY": 75
		},
		{
			"costumeName": "shark-c ",
			"baseLayerID": -1,
			"baseLayerMD5": "afeae3f998598424f7c50918507f6ce6.svg",
			"rotationCenterX": 77,
			"rotationCenterY": 37
		}],
	"currentCostumeIndex": 0,
	"scratchX": 0,
	"scratchY": 0,
	"scale": 1,
	"direction": 90,
	"rotationStyle": "normal",
	"isDraggable": false,
	"indexInLibrary": 100000,
	"visible": true,
	"spriteInfo": {
	}
}