{
	"objName": "U-Story",
	"sounds": [{
			"soundName": "pop",
			"soundID": -1,
			"md5": "83a9787d4cb6f3b7632b4ddfebf74367.wav",
			"sampleCount": 258,
			"rate": 11025,
			"format": ""
		}],
	"costumes": [{
			"costumeName": "U-story-1",
			"baseLayerID": -1,
			"baseLayerMD5": "fcf99b6e8aeb2d504e1e9b2194640916.svg",
			"bitmapResolution": 1,
			"rotationCenterX": 24,
			"rotationCenterY": 26
		},
		{
			"costumeName": "U-story-2",
			"baseLayerID": -1,
			"baseLayerMD5": "f442802f17225d6506ac9718810f179e.svg",
			"bitmapResolution": 1,
			"rotationCenterX": 24,
			"rotationCenterY": 26
		},
		{
			"costumeName": "U-story-3",
			"baseLayerID": -1,
			"baseLayerMD5": "0779f03a6589c60352b1d4806a4a61c0.svg",
			"bitmapResolution": 1,
			"rotationCenterX": 21,
			"rotationCenterY": 24
		}],
	"currentCostumeIndex": 0,
	"scratchX": 0,
	"scratchY": 0,
	"scale": 1,
	"direction": 90,
	"rotationStyle": "normal",
	"isDraggable": false,
	"indexInLibrary": 100000,
	"visible": true,
	"spriteInfo": {
	}
}