{
	"objName": "E-block",
	"sounds": [{
			"soundName": "meow",
			"soundID": -1,
			"md5": "83c36d806dc92327b9e7049a565c6bff.wav",
			"sampleCount": 18688,
			"rate": 22050,
			"format": ""
		}],
	"costumes": [{
			"costumeName": "e-block",
			"baseLayerID": -1,
			"baseLayerMD5": "16c6257316ff94cc7539ccdfc24e5fb8.svg",
			"bitmapResolution": 1,
			"rotationCenterX": 25,
			"rotationCenterY": 39
		}],
	"currentCostumeIndex": 0,
	"scratchX": 0,
	"scratchY": 0,
	"scale": 1,
	"direction": 90,
	"rotationStyle": "normal",
	"isDraggable": false,
	"indexInLibrary": 100000,
	"visible": true,
	"spriteInfo": {
	}
}