{
	"objName": "H-Glow",
	"sounds": [{
			"soundName": "pop",
			"soundID": -1,
			"md5": "83a9787d4cb6f3b7632b4ddfebf74367.wav",
			"sampleCount": 258,
			"rate": 11025,
			"format": ""
		}],
	"costumes": [{
			"costumeName": "H-glow",
			"baseLayerID": -1,
			"baseLayerMD5": "8d9bd5f00ea1ac6f92d0f97ee491b0f3.svg",
			"bitmapResolution": 1,
			"rotationCenterX": 35,
			"rotationCenterY": 46
		}],
	"currentCostumeIndex": 0,
	"scratchX": 0,
	"scratchY": 0,
	"scale": 1,
	"direction": 90,
	"rotationStyle": "normal",
	"isDraggable": false,
	"indexInLibrary": 100000,
	"visible": true,
	"spriteInfo": {
	}
}