{
	"objName": "Drum2",
	"sounds": [{
			"soundName": "high tom",
			"soundID": -1,
			"md5": "d623f99b3c8d33932eb2c6c9cfd817c5.wav",
			"sampleCount": 12320,
			"rate": 22050,
			"format": ""
		},
		{
			"soundName": "low tom",
			"soundID": -1,
			"md5": "1569bbbd8952b0575e5a5cb5aefb50ba.wav",
			"sampleCount": 20000,
			"rate": 22050,
			"format": ""
		}],
	"costumes": [{
			"costumeName": "drum2-a",
			"baseLayerID": -1,
			"baseLayerMD5": "68baa189ac7afb9426db1818aa88be8e.svg",
			"bitmapResolution": 1,
			"rotationCenterX": 47,
			"rotationCenterY": 39
		},
		{
			"costumeName": "drum2-b",
			"baseLayerID": -1,
			"baseLayerMD5": "4a58fe0f173104aab03aaccdd3ce5280.svg",
			"bitmapResolution": 1,
			"rotationCenterX": 47,
			"rotationCenterY": 54
		}],
	"currentCostumeIndex": 0,
	"scratchX": 0,
	"scratchY": 0,
	"scale": 1,
	"direction": 90,
	"rotationStyle": "normal",
	"isDraggable": false,
	"indexInLibrary": 100000,
	"visible": true,
	"spriteInfo": {
	}
}