<xml xmlns="http://www.w3.org/1999/xhtml">
  <toolboxcategories>CAT_LOGIC,CAT_LOOPS,CAT_MATH,CAT_ARRAY,CAT_TEXT,CAT_VARIABLES,CAT_FUNCTIONS,CAT_ARDUINO,CAT_ANEMOROTATION,CAT_LCD_SCREEN,CAT_BLUETOOTH_MISC,CAT_ROBOT_MISC,CAT_I2C,CAT_SPI,CAT_APDS_9960_RGB_Gesture,CAT_OLED_U8G,CAT_LED_RGB_CHAIN,CAT_MATRIX_LED_RGB,CAT_DRONE,CAT_DFRobot,CAT_ICN,CAT_ROBUNO,CAT_FISCHERTECHNIK,CAT_FLYCAMONE,CAT_MHK,CAT_BQ,CAT_JEULIN,CAT_GROVE,CAT_MULTIFUNCTION,CAT_RFID,CAT_TECHNOZONE,CAT_TECHNOZONE_ROBOT,CAT_ZUMO,CAT_ROBOTS_MOTORS,CAT_MBOT_1,CAT_MBOT_2,CAT_MBOT_3,CAT_MBOT_4,CAT_STEPPER,CAT_ESUS,CAT_MRDUINO,CAT_ARDUINO_SERVO,CAT_ADXL362,CAT_BT_ELECTRONICS,CAT_jfblocks,CAT_KEYPAD,CAT_SHARP,CAT_ETHERNET,CAT_BLYNK_CC,CAT_AUTODUINO</toolboxcategories>
  <toolbox>toolbox_arduino_all</toolbox>
  <block type="controls_if" id="^h1dQJz28P}0p9.8fd,6" x="13" y="62">
    <mutation else="1"></mutation>
    <value name="IF0">
      <block type="logic_compare" id="2oX=LcPeJoTAxA(Zdo5c">
        <field name="OP">LT</field>
        <value name="A">
          <block type="mhk_ultrason" id="n1A4+m4ahThst$?R$28S">
            <value name="TRIGER">
              <shadow type="math_number" id="+Tni$0JX;=nvP==ucg^u">
                <field name="NUM">6</field>
              </shadow>
            </value>
            <value name="DIST">
              <shadow type="math_number" id="8=+OIq+X)ul0Opv*@hf@">
                <field name="NUM">5</field>
              </shadow>
            </value>
          </block>
        </value>
        <value name="B">
          <block type="math_number" id="-J){;3Qb!ogZd-GINR~j">
            <field name="NUM">10</field>
          </block>
        </value>
      </block>
    </value>
    <statement name="DO0">
      <block type="inout_digital_write_validator" id="*ex^%yDc7`xr0_:q4UzC">
        <field name="PIN">8</field>
        <field name="STAT">HIGH</field>
      </block>
    </statement>
    <statement name="ELSE">
      <block type="inout_digital_write_validator" id="ix`VC,MUyu/Zt9tSZ#eo">
        <field name="PIN">8</field>
        <field name="STAT">LOW</field>
      </block>
    </statement>
  </block>
</xml>